中国人/2220794	刘德华演唱的歌曲
新界/4878	香港三大地理分区之一
桃姐/2988259	2012电影版
旺角卡门/27681	1988年王家卫执导电影
爱你一万年/1507	刘德华演唱的歌曲
今天/6956019	刘德华演唱歌曲
笨小孩/4627439	1998年刘德华演唱歌曲
冰雨/3343572	刘德华演唱歌曲
暗战/34830	1999年刘德华、刘青云主演电影
吉尼斯世界纪录/1069992	《吉尼斯世界纪录大全》中的世界纪录
中国	中国
天若有情/6785998	1990年陈木胜执导电影
大帽山/75677	香港山峰
无间道/9369674	2002年刘伟强、麦兆辉执导电影
黄秋生/506864	香港演员
刘德华/114923	中国香港男演员、歌手、词作人
香港/128775	中华人民共和国香港特别行政区
笨小孩/7569	1998年刘德华专辑
忘情水/10766201	刘德华演唱歌曲
今天/6956068	韩国2011年宋慧乔主演电影
郭富城/149106	香港男歌手、演员
成龙/71648	中国香港演员、导演
吴宗宪/29494	台湾综艺节目主持
KG/6153969	质量单位
高枫/50246	中国男歌手
季军/37180	词语释义
白羊座/23547	占星学
华语电影/77827	华语制作的电影
刘青云/25438	中国香港影视男演员
刘伟强/16475	中国香港导演
小龙女/5007	金庸武侠小说《神雕侠侣》女主角
新潮/5068949	词语
台湾/122340	中华人民共和国所属地区
与龙共舞/3635888	1991年刘德华、张敏等主演电影
纵横四海/6777518	1999年王晶指导的电视剧
黄金时代/1323188	2014年许鞍华导演电影
姨妈的后现代生活/16091	2006年许鞍华执导电影
野兽刑警/3564784	1998年陈嘉上执导电影
日出/1694155	曹禺著名话剧
埃博拉病毒/1758	纤维病毒科埃博拉病毒属病毒
中西区/21730	香港中西区
女人，四十/50170	1995年许鞍华执导电影
粤语/266782	汉藏语系下的语言
北京时间/410384	中国国家标准时间
徐州/6250	江苏省地级市
英语/109997	语言
董建华/6580	十二届全国政协副主席
梁振英/5023131	香港特别行政区行政长官、全国政协副主席
上海	上海
广东话/59898	粤语
成都	成都
北京/128981	中华人民共和国首都
南京/23952	江苏省省会
西安/121614	陕西省省会
张德江/116605	中央政治局常委
重庆/23586	中华人民共和国直辖市
武汉/106764	湖北省省会
人民币/330794	中国人民银行发行的货币
沈阳/13034	辽宁省省会
导演/307826	职业名称
李克强/632714	中共中央政治局常委，国务院总理
广州/72101	广东省省会
普通话/161653	标准官话，中国使用的标准汉语
重庆森林/35477	1994年王家卫执导电影
花样年华/35761	2000年王家卫执导电影
射手座/126373	占星学
一代宗师/28511	2013年王家卫执导电影
春光乍泄/3849847	1997年张国荣、梁朝伟主演电影
珠穆朗玛峰/3058	世界最高峰
泰山/5447	世界文化与自然双重遗产，国家5A级旅游景区
兵马俑/60649	秦始皇兵马俑
长城/14251	中国古代第一军事工程
青海湖/113605	青海省青海湖
清明节/137575	中华民族的传统节日
春节/136876	中国传统节日
巨蟹座/2490814	占星学
姜大卫	姜大卫
端午节/1054	中国传统节日
白色巨塔/10126802	2006年蔡岳勋导演的台湾电视剧
澳门/24335	中华人民共和国特别行政区
新不了情/8649401	1993年尔冬升执导电影
长江/388	世界第三长河，亚洲第一长河
红薇/77960	香港著名女演员
苏州/122945	江苏省地级市
狮子座/8162	占星学
创世纪/9594124	1999年香港TVB电视剧
演员/3106682	职业
姜文杰/2959500	中国香港男歌手
三少爷的剑/10624985	1977年香港邵氏尔冬升、余安安主演武侠电影
天地豪情/15182	1998年罗嘉良、陈锦鸿主演TVB电视剧
赤壁/6425	吴宇森执导系列历史电影
中国/1122445	世界四大文明古国之一
国语/64453	中国古代经典著作
歌手/20270239	湖南卫视音乐竞技节目
流氓大亨/16450	1986年万梓良主演TVB电视剧
虎/2315582	中国十二生肖之一
一路上有你/2858552	1993年张学友原唱歌曲
祝福/2014419	张学友同名专辑
饿狼传说/16538974	1994年张学友演唱歌曲
李香兰/4169723	张学友演唱歌曲
遥远的她/6644093	张学友演唱的歌曲
月半弯/34806	张学友演唱的歌曲
吻别/1473070	张学友演唱歌曲
色·戒/25462	2007年李安执导的电影
雪狼湖/69095	张学友主演的现代音乐剧
如果·爱/24710	2005年陈可辛执导电影
海南鸡饭/4938	海南特色菜品
mbe/1247389	分子束外延
青蛇/2139009	1993年徐克执导电影
最爱/5800	2011年章子怡、郭富城的主演电影
清洁/9087074	法国2004年张曼玉主演电影
宋家皇朝/16946	1997年张婉婷执导电影
英雄/3827897	2002年张艺谋执导武侠电影
最佳拍档/5601	1982年曾志伟执导系列电影
张瑶华/3382184	张学友的大女儿
地久天长/1540381	汉语词语
方世玉/2339682	1993年李连杰主演电影
甜蜜蜜/10998	1996年陈可辛导演电影
新龙门客栈/9963	1992年徐克监制电影
阮玲玉/10634075	1991年关锦鹏执导电影
爱的代价/63598	李宗盛创作、演唱的歌曲
梅姑/7493273	1956年严俊导演电影
虎度门/15652	舒琪执导电影
不是冤家不聚头/10217933	泰国2012年纳瓦·君拉纳拉主演电视剧
感恩的心/5567	欧阳菲菲演唱歌曲
情书/808361	张学友演唱歌曲
山西/188460	中华人民共和国省级行政区
张正甫/50177	香港愿望成真基金董事
再回首/1342	苏芮演唱歌曲
为了爱梦一生/27478	1991年发行王杰第7张国语专辑
宋丽华/20650	著名女高音歌唱家宋丽华
风云雄霸天下/14451	1998年郭富城郑伊健主演，刘伟强执导电影
宁波/209476	浙江省省辖市
踏血寻梅/15463582	2015年翁子光执导香港电影
父子/8294067	汉语词语
寒战/6420848	2012年郭富城、梁家辉主演电影
方媛/18899138	郭富城女友
三岔口/53535	2005年陈木胜导演电影
特技演员/74117	影视术语
尖峰时刻/16452	美国1998年成龙主演电影
对你爱不完/13832868	郭富城演唱歌曲
神话/7226243	2005年成龙、金喜善等主演电影
警察故事/15985	1985年成龙主演电影系列
暗花/15688	1998年游达志执导中国香港电影
黑社会/9553746	2005年任达华、梁家辉主演电影
重案组/9789	1993年成龙主演香港电影
奔跑卡路里/17797850	2015年爱奇艺运动健康明星真人秀
我是不是该安静的走开/15410456	郭富城演唱歌曲
毒战/8219137	电影
A计划/19315	中国1983年成龙执导的喜剧电影
枪火/68818	1999年杜琪峰执导电影
十二生肖/6868935	2012年成龙自导、自编、主演电影
王牌大明星/6987303	台湾东风卫视综艺节目
穆罕默德五世/20142369	马来西亚最高元首
醉拳/2517249	1978年袁和平导演，成龙主演的香港电影
张葳葳/4903121	吴宗宪妻子本名张嫽英
我的国家	我的国家
马六甲/4986	马来西亚古城
印度教/971197	世界主要宗教之一
华人/879778	族群
狮子座/9584797	陶辰宇演唱歌曲
大中国/7984695	高枫创作流行歌曲
非常突然/9951920	1998年游达志执导香港电影
卫斯理/83164	倪匡系列小说中人物
质量/1236	汉语词语
狮子座/9897905	天文学
县/7258656	中华人民共和国县级行政区
省/7317775	一级地方行政区
法证先锋/22418	《法证先锋》系列电视剧
钢的琴/30861	2011年秦海璐主演电影
鼓楼区/10574917	福州市鼓楼区
福州/165311	福建省省会
武夷山/917	世界文化与自然双重遗产，国家5A级旅游景区
三坊七巷/21899	福州明清时期古建筑
鼓浪屿/483700	厦门境内第三大岛
土楼/255338	土楼建筑
白水洋/3083093	福建省宁德市屏南5A级景区
九龙江/446324	福建省第二大河流
朱熹/106669	南宋理学家
林则徐/212	清朝道光时期大臣、民族英雄
妈祖/53171	以中国东南沿海为中心信仰的海神
汀江/5190340	韩江支流
郑成功/142	明清之际军事将领、民族英雄
黄岗山/5244577	闽赣两省界山
晋江/1254263	福建省中南部河流
关羽/17338	东汉末年名将
极乐寺/2263542	马来西亚槟城极乐寺
电影/31689	综合的现代科技与艺术
新仙鹤神针/3931788	1993年梁朝伟主演电影
释/10924232	汉字
窃听风云/188712	2009年香港警匪电影
道/3919554	哲学名词
东南亚/390261	世界地理概念
神探/6880638	2007年刘青云主演香港电影
古惑仔/10558604	香港黑帮题材系列电影
乌山/4366819	福建省福州市景点
雏菊/11015634	2006年刘伟强导演电影
摄影/6201	专业术语
潮州/199502	广东省地级市
我要成名/20424	2006年霍思燕、刘青云主演电影
绝情谷/10867791	金庸武侠小说《神雕侠侣》中的一个地名
南诏镇/3843856	云南省巍山县南诏镇
风云/8940227	2002年赵文卓、何润东、蒋勤勤主演电视剧
终南山/1564	陕西省终南山
玉女心经/247	《神雕侠侣》武功
九阴真经/22635	金庸小说中的武功秘籍
伤城/16474	2006年刘伟强、麦兆辉执导电影
头文字D/2711022	2005年周杰伦主演电影
尹志平/4446166	金庸武侠小说人物
神雕侠侣/5682	1959年出版的金庸武侠小说
英雄无泪/3015826	1980年赵雅芝、傅声经典武侠电影
头文字D/2710987	日本1998年GALLOP与STUDIO COMET共同制作的动画片
天意/3152188	刘德华个人专辑及歌曲
真永远/44802	刘德华发行专辑
帝女花/9575024	2003年佘诗曼、马浚伟主演TVB电视剧
淑女剑/468208	《神雕侠侣》中小龙女的兵器
南宋/457341	中国历史朝代
福尔摩沙/2421471	地名
市/7149823	中华人民共和国行政区
哪吒/35250	中国古代神话人物
语言/72744	人类交际工具
爱河/2572296	台湾河流
玉山/24422	中国东部最高峰
日月潭/239702	台湾省第一大天然湖泊
新北/62332	台湾第一大城市
海拔/5754	地理学名词
高雄/6042	台湾省西南部的城市
北回归线/17718	地球上北温带与热带分界线
赤道/16856390	2015年梁乐民和陆剑青执导香港电影
地球/6431	太阳系八大行星之一
台南/708908	台湾省下辖市
蒋家骏/12081	中国香港男导演
抚顺/131590	辽宁省地级市
鞍山/131766	辽宁省省辖市
大连/152852	辽宁省辖市
王晶/22375	香港电影导演
鸭绿江/79667	河流名称
安宁/2182614	汉语词语
东北大学/18014	中国沈阳境内教育部直属重点大学
辛亥/26230	天干地支中的辛亥
郎朗/302032	钢琴演奏者
孙中山/128084	中国近代伟大的民主革命先行者
邱金海/6101590	革命烈士
李樯/62791	中国大陆男编剧
王志文/8699	中国男演员
覃宏/80476	嘉映影业有限公司董事长
袁泉/71335	中国内地女演员、歌手
朱亚文/10390180	中国大陆男演员
祖峰/67860	中国影视演员
郝蕾/335771	中国内地女演员
杨雪/11999911	中国大陆女演员
黄轩/30471	中国内地男演员
王景春/1286385	上海电影制片厂剧团演员
老虎滩/1018622	大连国家AAAAA级风景区
张爱玲/44982	中国著名女作家
千山/35607	辽宁省鞍山市千山风景区
冯雷/2616837	中国铁路文工团演员
亲爱的/14246285	2014年陈可辛执导电影
田原/5304	中国内地女艺人
斯琴高娃/16083	女演员
陈文强/43197	中国香港影视编剧
乔宏/42122	香港演员
夏萍/2858	中国香港女演员
赵薇/139401	中国内地女演员、歌手、导演
血液/363094	流动在心脏和血管内的不透明红色液体
陈庆嘉/7733656	香港著名编剧
王敏德/58888	美籍香港电影演员
客家山歌/37095	中国民歌体裁山歌类型之一
广西/162679	广西壮族自治区
中国话/18214	汉语
汉语拼音/454	汉字注音拉丁化方案
国语/12699590	现代标准汉语的的通称之一
地区/13841494	地理名词
中银大厦/4890757	香港中银大厦
都市圈/13986284	广州城市生活网站
太平山/68431	香港山名
罗浮山/33964	广东省博罗县罗浮山
深圳北站/6828385	火车站深圳北站
广州站/5897667	火车站
江西/215383	中华人民共和国省级行政区
白云山/1365	广东省广州市白云山
广州南站/357175	京广高铁广州终点站
中山大学/5672	中国广东省高校
平话/67796	广西方言
天涯海角/9999328	海南省三亚市天涯海角游览区
海南/13346	中华人民共和国省级行政区
桂林山水/5583	桂林旅游资源总称
海口/5775	海南省省会
南宁/156452	广西壮族自治区首府
西关/1712702	广州荔湾区旧称
袁崇焕/132662	明朝末年蓟辽督师
梁启超/119077	中国近代思想家、政治家、教育家
涿鹿/7787976	徐州--彭城古代地名
彭城/3802	徐州古称
纽约/6230	美国第一大城市
骆马湖/1125413	南水北调中转站
微山湖/82529	中国北方最大淡水湖
张国华/3937753	江苏省徐州市委书记、市人大常委会主任
紫薇/17982	千屈菜科紫薇属植物
淮海战役/287777	解放战争三大战役之一
银杏/229130	银杏科落叶乔木
彭祖/356366	先秦道家人物
刘邦/129493	汉朝开国皇帝
孙权/17337	三国时代东吴的建立者
李煜/7831	南唐后主
徐州会战/13404	抗日战争时期一次大规模的防御战役
国家/17205	政治地理学名词（国土、民族、文化和政府
桂林/7495	广西壮族自治区下辖市
强/4177	汉语汉字
联合国/135426	国际组织
陈德霖/7168057	香港金融管理局总裁
沈祖尧/13350902	香港中文大学校长
稀有动物/7925593	濒危动物，国家重点保护对象
郑海泉/6573119	香港银行家
欧洲联盟/786749	欧洲经济、政治共同体
大熊猫/34935	哺乳动物
格林尼治/3065623	英国伦敦格林尼治区
英国/144602	大不列颠及北爱尔兰联合王国
信义区/62243	台北市下辖区
世界之窗/6717	深圳市文化主题公园
国父纪念馆/46987	中国台北国父纪念馆
自由广场/1830290	台北自由广场
阳明山/9505696	台湾省台北市阳明山
杜鹃花/159279	植物
榕树/795	桑科榕属乔木
台湾蓝鹊/314269	台湾特有鸟类
燕京/85350	北京的旧称
荔枝/159299	水果类植物
幽州/1049370	九州之一
首都/26194	国家中枢城市
明十三陵/303105	明朝皇帝陵寝
北京西站/4401944	火车站，北京四大铁路客运站之一
北京南站/5908768	火车站
北京站/18844	北京铁路局北京火车站
颐和园/63458	中国清朝时期皇家园林
大兴/3363778	西安古称
西京/13879736	古代都城名
长安/31540	中国古代都城
月季花/14505544	蔷薇科植物
槐/9425860	豆科槐属乔木
未央宫/22415	汉代大型宫殿建筑群
大雁塔/29143	西安大慈恩寺佛塔
西安南站	西安南站
秦岭/1396	中国地理南北分界山脉秦岭
王永康/38390	陕西省委常委、西安市委书记
石榴花/62898	石榴科石榴属植物
花城/16449	广州市的美称
羊城/425628	广州的别称
黄埔军校/287972	中国历史上著名军事学校
木棉花/16040520	中药
广州东站/7165065	火车站
画眉鸟/24580	噪鹛属的一种鸟类
任学锋/48519	广东省委副书记、广州市委书记
大明宫/8061	唐朝皇宫
大武汉/9156183	湖北武汉的美称
九省通衢/936666	湖北武汉的别称
黄鹤楼/62298	“江南三大名楼”之一
陈一新/3914243	湖北省委副书记、武汉市委书记
万勇/4746113	湖北省武汉市委副书记、市长
汉江/14144	长江最大支流
石头城/2780452	南京的别称
Nanking/3318977	南京旧译
应天府/714092	明朝京师及后期陪都
武昌站/7072070	火车站
虎踞龙蟠/7813210	成语解析
梅/5615328	蔷薇科杏属植物
建康/8714	南京古称
江宁/2886279	南京旧称
紫金山/59911	南京市玄武区紫金山
鸡鸣寺/2150	南京市玄武区鸡鸣寺
南京南站/2892057	高铁站南京南站
明孝陵/751826	全国重点文物保护单位，国家5A级旅游景区
角/73515	汉字释义
分/12502019	数学概念
元/2634064	货币单位
硬币/2613	货币
雪松/217424	植物品种
奉天/8649059	沈阳市旧称
棋盘山/14830	辽宁沈阳市棋盘山
玫瑰/63206	蔷薇科蔷薇属植物
雾都/35626	城市别称
长江三峡/371964	瞿塘峡，巫峡和西陵峡三段峡谷的总称
大足石刻/209440	世界文化遗产
张国清/31708	重庆市委副书记、市长
文学/6437	一种语言艺术形式
剧本/32355	文学体裁
作者/144157	名词释义
邓光荣/6536	香港著名演员
西南大学/147351	中国西南大学
张国荣/6804	华语歌手、演员、音乐人
威廉·莎士比亚/975277	文艺复兴时期英国戏剧家、诗人
许勤/17196	广东省委常委、深圳市委书记、市长
林青霞/443261	中国台湾女演员
王菲/11029	华语女歌手、演员
法国/1173384	法兰西共和国
尊道贵德/9130875	词语
玄门/10886111	道家学名词
道家/131309	信奉老庄等道家学说的哲学学派
财神/376940	神明
茅山/1327	句容茅山旅游风景区
老子/5448	道家学派创始人
灵宝/3747501	河南省三门峡下辖市
吕洞宾/409579	唐朝道教祖师
吴越文化/8175341	中国江浙地区文化
吴文化/7481274	吴文化研究
阴阳/88401	一切事物的基本要素及作用关系描述
王重阳/24360	中国宋朝道士
吴音/10768411	吴地方言
世界/24458	词语
哈尔滨/177863	黑龙江省省会
宙斯/82054	古希腊神话中的第三代众神之王
吴越/8506	江浙地区的借代词
王庆祥/18815	电视艺术中心演员
木星/222105	太阳系八大行星之一
耶路撒冷/6115	宗教圣地（以色列首都
张震/5330	中国台湾男演员、歌手
宗教/81929	意识形态
十诫/16640	《圣经》十诫
艺术/12004323	文化名词
约翰·加尔文/84786	法国宗教改革家、神学家
岱岳/7651479	汉语词语
山东/155740	中华人民共和国省级行政区
邱勇/22995	清华大学校长
世界遗产/67761	有突出意义和普遍价值的文物古迹及自然景观
八月节/3162736	仡佬族传统节日
七宗罪/29700	天主教教义中的七种罪恶的来源
农历/67925	中国传统历法
赏月/9594447	中国传统习俗
打马球/3041462	运动
春分/16864	二十四节气之一
邓稼先/146984	中国科学院院士
蹴鞠/344001	体育项目，运动
祭祀/646557	对祖先行礼
谷雨/6959	二十四节气之一
秋夕/8977	唐代杜牧七言绝句
扫尘/1380009	习俗介绍
守岁/29020	中国春节除夕之夜习俗
拜年/17232	中国传统节日春节的习俗
舜/79389	中国上古部落联盟首领
压岁钱/68386	中国民间习俗
李岳/79863	台湾著名艺人
年糕/508333	中国的传统食物
腊八粥/27200	在腊八节用由多种食材熬制的粥
汤圆/1333352	中国传统食品汤圆
张天霖/72103	中国台湾男演员、模特
上海/114606	中华人民共和国直辖市
元宵/118229	食品
朱民/14478	国际货币基金组织(IMF)副总裁
朱棣/183597	明成祖
龙图腾/4959	基础含义
张晋/6623	中国重庆籍男演员、导演、武术指导
爆竹/568048	爆竹、爆竿、炮仗、鞭炮
饺子/28977	中国传统食物
伍子胥/28115	春秋末期吴国大夫
赛龙舟/4032	端午节活动
艾草/682533	菊科蒿属植物
曹娥/4231775	人物
屈原/6109	战国末期楚国诗人、政治家
行政/4143937	汉语词语
内地/7660453	词语
崔世安/7118954	澳门特别行政区第四任行政长官
林建华/54162	北京大学校长
日本/111617	日本国
陈豪/17171	中国香港男演员
郝平/1301	北京大学党委书记
屠呦呦/5567206	诺贝尔医学奖获得者、药学家
南京	南京
扬子江/84901	长江下游河段的旧称
cancer/13334194	巨蟹座
灵魂/73763	汉语词语
7/35541	自然数之一
22/70922	自然数之一
青海/31638	中华人民共和国省级行政区
夏日绝句/9245	李清照五言绝句
阿尔忒弥斯/662237	古希腊神话中狩猎与月亮的女神
月/1361265	汉字
日/35262	汉字
冯宝宝/6721028	演员
6/1674815	自然数之一
第/4418373	汉字
月球/30767	地球的天然卫星
色情男女/14168	1996年张国荣主演香港电影
枪王之王/6563	2010年古天乐领衔主演电影
门徒/625382	2007年尔冬升执导的香港电影
区/4843230	汉字
太湖/112298	江苏、浙江湖泊
沧浪亭/215979	苏州古典园林
留园/453654	苏州古典园林
孙武	孙武
狮子林/1025067	苏州古典园林
桂花/157211	中国木犀属众多树木的习称
陆逊/17344	三国时期吴国丞相
苏州北站/6504270	苏州北站火车站
范仲淹/176112	北宋名臣
唐寅/22587	明朝苏州才子
小二黑结婚/7014618	由赵树理小说改编的豫剧
陈锦鸿/83744	香港影视男演员
菖蒲/1241	天南星科植物
周庄镇/6131	江南水乡古镇昆山周庄
阿波罗/22709	古希腊神话中预言与光明之神
张家辉/46255	香港影视男演员
加拿大/145973	北美洲国家
郭锋/13577413	中国香港男演员
胡枫/62247	中国香港男演员
林晓峰/31251	中国香港演员、主持人
李金铭/56194	中国女演员
林子平/4731688	台湾导演
新乱世佳人/11029074	1997年范小天、马中骏执导电视剧
吴建飞/6097102	演员、歌手
偶像剧/997894	电视剧剧种
宫锁珠帘/8543041	2012年何晟铭主演电视剧
爱情/57	人类情感
李香琴/25948	中国香港演员
赤壁（下）/19938873	下
赤壁（上）	上
战争/14004	矛盾斗争表现的最高形式与暴力手段
历史/360	汉语词语
古装/81794	时间性服装概念
洛阳/125712	河南省地级市
炎帝/17732	中国上古部落首领
书法/177069	文字表现的艺术形式
孔子/1584	儒家学派创始人
胡军/8610	中国大陆演员
刘烨/9991030	湖南卫视女主持人
洪涛/13132649	中国内地综艺节目导演
诸子百家/16808	春秋战国时期学术派别的总称
谭晶/915273	中国青年歌唱家
林忆莲/424349	华语流行乐女歌手、影视演员
迪玛希·库达依别列根/20368197	哈萨克斯坦男歌手
凤/2910854	神话传说中的瑞鸟
唐诗宋词/8584359	中国文学史上的两颗明珠
龙/13027234	东亚神话传说中的生物
秋意浓/5245628	张学友演唱歌曲
于波/16465	中国内地演员
杨俊毅/80013	中国内地演员
北角/9633481	钟淑慧主演电影
音乐剧/250231	词语解释
饿狼传说/8807525	张学友音乐专辑
吻别/14937710	张学友于1993年发行的专辑
金枝玉叶/7875129	1994年张国荣、袁咏仪主演电影
自梳/1165001	1997年张之亮执导电影
钟伟民/83370	香港及澳门专栏作家及诗人
陈冲/18001	美籍华裔女演员
江志强/9319	香港安乐影片有限公司总裁
李安/16812	华人导演、编剧
周迅/10076	中国内地女演员、歌手
方晴/56844	台湾女歌星
林爱华/17069	香港女编剧、导演
张小燕/9448	台湾综艺节目主持人
不能没有你/1975	2009年戴立忍执导电影
滚滚红尘/25268	1990年严浩导演电影
菜/972412	汉字
李惠民/10549979	香港导演
徐克/7391	香港电影导演、编剧、监制、演员
李宗盛/438185	歌手、音乐制作人
大陆/686999	汉语词汇
秦汉/20726	台湾影视演员
吴兴国/3115554	台湾演员
蒋雯丽/1973243	安徽籍女演员
宋氏三姐妹/686	宋霭龄、宋庆龄、宋美龄
嘉禾/10340617	同名电影公司
刘家良/59565	中国香港男演员、导演、武术指导
李碧华/9031	著名作家编剧家
张伟平/1260436	北京新画面影业公司董事长、制片人
李连杰/202569	华语影视男演员
麦嘉/6479149	香港演员
陈道明/27674	中国影视男演员
曹达华/7821811	曹达华
孙海英/21181	著名影视剧演员
赵文卓/139688	影视演员
李子雄/7321	中国香港影视男演员
陈晓东/19153	中国香港歌手、演员
李嘉欣/340391	香港女演员
乔家大院/5844	山西省著名建筑
平遥古城/791	历史文化古城、世界文化遗产、5A风景区
太原/24334	中华人民共和国山西省省会
壶口瀑布/985	中国黄河上的著名瀑布
黎明/6681	中国香港歌手、演员
五台山/2678	山西省忻州市五台山
云冈石窟/1252	中国古代石窟群
晋语/80289	汉语方言
楠溪江/2025	浙江省温州市北部国家级风景区
黄河/5394	中国第二长河
普陀山/6618	中国佛教四大名山之一
溪口/6017	浙江省宁波市奉化区溪口镇
杭州/147639	浙江省省会
沈园/450767	国家AAAAA级景区
乌镇/5314	浙江省嘉兴市桐乡市乌镇
鲁迅/36231	文学家、思想家
天才在左疯子在右/17698952	2015乐视网自制剧
西湖/4668821	浙江省杭州市西湖
菜鸟/16867398	2015年项华祥导演的爱情动作电影
解放浪漫/16007908	柯有伦2014年音乐专辑
听见下雨的声音/7239472	2013年方文山导演电影
夏宝龙/5520267	浙江省委书记
我是不是该安静的走开/4518506	郭富城1991年发行专辑
阵头/5253241	2012黄鸿升柯有伦主演热血电影
陈大力/9562	台湾音乐人
王杰/6837	港台创作型男歌手、演员、音乐制作人
何国杰/9253191	编曲人
阿牛/6710	马来西亚歌手
陈淑贤/8329982	香港电影编剧、演员
长春/121865	吉林省省会
王惠玲/8954327	粤剧演员
陈丽玲/96379	演员
张志成/15497189	大学研究所所长张志成
吉林/5690	中华人民共和国省级行政区
金鹿奖/5472978	中国长春电影节奖项
宁波帮/877319	中国传统商帮
韩雪/168212	中国内地女演员
美国/125486	美利坚合众国
王国强/26902	金城营造集团主席兼行政总裁
李兆基/14169	香港地产大亨
小城故事/9777768	1978年李行导演电影
碧云天/2522138	1976年李行导演电影
宁静/6060396	中国内地女演员
骑士/1452	欧洲中世纪的社会阶层受过训练的骑兵
太保/2955	古代官职名
姜文/1168186	中国大陆演员、导演、编剧
汪洋中的一条船/2072	1977年李行执导电影
方润华/9601007	企业家
歌手/16693	职业名称
花木兰	花木兰
加利福尼亚州/40442	美国西部行政州
叶芳华/8719512	加拿大女演员
边走边唱/3015411	陈凯歌导演电影
追影/28513	2009年吴镇宇、麦子善联合执导的电影
咕咚	咕咚
分手说爱你/9231423	电影
肖骁/16403180	奇葩说辩手
廖凡/35741	中国影视男演员
高云翔/18041	中国内地男演员
袁和平/83951	中国香港电影动作指导、导演
博物馆/22128	典藏人文自然遗产等的文化教育机构
张权/1102738	劳动模范
独立广场/1837077	马来西亚的城市广场
旧约/81764	基督教经典，《圣经》全书的前一部分
新约/432750	图书名称
大米/22607	食品
潮汕人/802038	潮汕地区人民称谓
李光耀/5282	新加坡国父
李嘉诚/1044	香港首富、长江和记实业有限公司主席
客家人/40518	汉族族群分支
语/1746259	汉字释义
李小龙/32914	武术宗师、功夫影星
中华民族/1186	中国境内以汉族为主体的56个民族的统称
有钱任性/17600325	陶辰宇演唱歌曲
唐群/25248	影视演员
陈果/12472	香港电影导演、编剧
上海方言/80286	上海人使用的语言
中华人民共和国中央部门（单位）直属高等学校/6408205	单位
杨怡/16318	中国香港女演员
东城区/21851	北京东城区
刘烨/13286	中国内地男演员
徐翔/6229557	上海泽熙投资管理有限公司总经理
邓超/5681	中国内地男演员
陈宝国/11569	中国影视男演员
陈静仪/8865907	中国香港模特
蔡婷婷/66772	香港电视界高级编剧
梁敏华/8947562	深圳市宝安区政府副区长
望儿山/84050	营口熊岳镇望儿山
马/3231888	十二生肖之一
西炮台/16999	营口西炮台
白沙湾/68433	营口市地名
赵长富/16314450	辽宁省营口市委书记、市人大常委会主任
大石桥/32277	营口市下辖市
县/34322	汉字
张猛/3746186	辽宁籍导演
盖州/74438	营口市下辖市
周逵/5453612	内地男演员
西城区/10234	北京西城区
东越/9080322	名词解析
秦始皇/6164	中华第一位皇帝
台湾海峡/25347	亚欧大陆、台湾岛之间
乌塔/4144391	福州市文物
鼓楼区/15301	南京市鼓楼区
鼓山/950464	福建省福州市鼓山
西湖公园/6114089	泉州西湖公园
福州南站/9754133	火车站
武夷山/904113	福建省武夷山市
黄山/9416	安徽国家5A级风景区
仙游县/3450344	福建省下辖县
庐山/154518	中华十大名山之一
趵突泉/162170	济南三大名胜之一，国家首批重点公园
茉莉花/4951	木樨科素馨属灌木植物
街道/419541	中国大陆乡级行政区
外滩/40416	上海外滩
邹应龙/10736826	明朝官吏
蚵仔煎/3638	闽台潮特色小吃
舒婷/63686	当代著名女诗人、朦胧诗派代表之一
鼓浪屿之波/8142562	李光曦演唱歌曲
站台/7043546	交通术语
温陵/7443356	泉州古称谓
后溪镇/37577	福建厦门市集美区下辖镇
开元寺/2253283	福建泉州开元寺
康涛/9357133	福建泉州市委副书记、市长
府文庙/7552062	福建省泉州市
清水岩/74951	福建省泉州市安溪县十八景点之一
刺桐花/2171888	福建省泉州市的市花和湖南省益阳市市花
天后宫/2936540	广州市南沙区天后宫
建宁县/3450628	福建省三明市下辖县
流水镇/10826016	福建省平潭县流水镇
苏澳镇/4060418	台湾省宜兰县苏澳镇
潮王	潮王
水仙/6410	石蒜科多年生草本植物
永定区/16473457	福建省龙岩市下辖区
南安/82737	福建省泉州市下辖县级市
普宁/978	广东省辖县级市
云水谣/6290187	福建省漳州市南靖县云水谣（古镇
武则天/61872	中国武周时期女皇帝
樟树/2322945	江西省下辖县级市
陈家东/60419	福建省厦门市人大常委会主任、党组书记
马水清/18688867	福建省长汀县人民政府县长
林吉祥/60751	马来西亚国会下议院议员
高虎/31408	中国内地男演员
井柏然/3974108	中国内地男演员、歌手
动作/33802	词语解释
惊悚/82757	汉语词语
陈志华/1264568	凤凰新媒体副总裁
伏羲/279357	中华上古人文祖神
假名/696265	日语注音
中原/1415	中国文明发源地
韩国/6009333	大韩民国
朝鲜/191777	朝鲜民主主义人民共和国
西班牙/148941	西班牙王国
墨西哥/255798	墨西哥合众国
陈小春/7001	中国香港男歌手、演员
甲骨文/16914	中国古代文字
雅加达/643415	印度尼西亚首都
华盛顿哥伦比亚特区/83601	美国首都
笑看风云/14603	1994年曾谨昌执导香港TVB电视剧
大时代/9700	1992年韦家辉编导电视剧
吴志雄/39820	香港演员
谢天华/44603	中国香港男演员
河内/2282	越南首都
暴风影音/85033	电脑版软件
曼谷/412946	泰国首都
淡浮院/12813708	潮州建筑
白玉兰/867	双子叶木兰科开白色花的植物
广济桥/3929	潮州广济桥
情花/47232	植物
刘国昌/6316534	电影导演
韩文公祠/1359105	广东潮州韩文公祠
罗耀辉/3373535	中国香港编剧
聂风/19758098	电视剧《风云》中的人物
陶红/13187	中国内地女演员
徐进良/41171	台湾导演
步惊云/19758106	电视剧《风云》中人物
神雕侠侣/5995778	2014年内地版陈晓、陈妍希主演电视剧
无名/3150415	漫画《风云》中的武林神话
剑晨/5136377	漫画《风云》中的人物
破军/3157048	港漫《风云》系列中人物
雄霸/7369127	漫画《风云》第一部中主要反派
幽若/5108600	《风云》第一部登场角色
聂人王/28314	马荣成漫画《风云》中人物
泥菩萨/17553985	《风云》中人物
林朝英/22624	金庸武侠小说《神雕侠侣》的人物
李莫愁/1700140	金庸武侠小说
活死人墓/9549228	西安市“活死人墓”
绝天/54155	漫画《风云》中的角色
黄裳/3637867	金庸小说《射雕英雄传》中人物
季风/762357	地理气象学概念
骊山/923873	地名
翠华山/634724	太乙山
梅超风/760851	金庸武侠小说《射雕英雄传》中的角色
郭靖/5280	金庸武侠小说《射雕英雄传》男主角
太乙/10734405	历史文化
王重阳/10501619	金庸武侠小说中的人物
欧阳锋/4014	金庸名著双雕系列里的人物
黄蓉/12000001	金庸武侠小说《射雕英雄传》女主角
黯然销魂掌/2640407	黯然销魂掌。
赵志敬/10448	小说《神雕侠侣》中的人物
杨康/10948	武侠小说《射雕英雄传》中的人物
射雕英雄传/5678	金庸武侠小说
君子剑/31374	宝剑名
古墓/4254672	古代墓葬
玄铁重剑/80187	金庸小说中的武器
襄阳府/9573094	中国襄阳府
临安府/7562313	南宋行在临安府
赵昀/33975	南宋第五位皇帝
赵构/618917	宋朝第十位皇帝，南宋开国皇帝
岳飞/127844	南宋抗金名将、民族英雄
官话/5367393	现代汉语方言
上海站/5932782	上海火车站
金吒/29005	中国神话中的神仙
海边/5478955	日本地名
太乙真人/5476523	神话小说《封神演义》中人物
严复/119000	近代著名人物
非洲/81619	世界七大洲之一
地壳/1184613	专业术语
文武庙/1232313	香港上环庙宇
涵碧楼/8312	台湾涵碧楼
中区/10212202	汉语词汇
the/14078887	英文单词
city/4533486	名次
桃源乡/3366034	江西省崇仁县桃源乡
桃园/6327	中国台湾桃园市
鹭鸶/16244350	鹭科鸟类
南投县/1862247	县城
山樱/717262	花卉
鹿港小镇/81867	台湾中部西海岸小镇
板桥区/62516	新北市板桥区
信义乡/5764216	台湾省南投县信义乡
高山/3208	汉语词语
佛光山/74515	台湾佛教道场
海平面/3671212	地理术语
地面/5803805	建筑学名词
神雕侠侣/7798209	1983年香港TVB版刘德华、陈玉莲主演电视剧
水瓶座/128102	占星类
倩女幽魂/10118475	1987年张国荣、王祖贤主演电影
笑傲江湖/8469351	1990年许冠杰、张敏主演的电影
丁未/42892	中国古代历法术语
游园惊梦/11015959	2001年杨凡执导电影
上海滩/374639	1980年周润发、赵雅芝主演TVB电视剧
美丽上海/82341	2003年彭小莲执导电影
射雕英雄传/6487134	1983年黄日华、翁美玲主演电视剧
温哥华/72045	加拿大城市
项羽/7005	西楚霸王
赌神/18682	1989年王晶执导《赌神》系列第一部
雪山飞狐/8249659	吕良伟1985年主演电视剧
行星/15991	环绕恒星的天体
逃学威龙/84732	1991-1993年周星驰主演系列电影
双子座/23549	占星学
大闹广昌隆/16521	1993年陈果执导电影
今生无悔/15658	1991年黎明主演电视剧
少林足球/2768955	2001年周星驰自编自导自演的经典喜剧电影
纵横四海/28113	1991年吴宇森执导电影
刑事侦缉档案/7338225	香港TVB拍摄系列电视剧
瓜尔佳氏/10391205	满族八大姓氏之一
大话西游/9640	1995年周星驰主演悲喜剧
大地恩情/9249881	亚视电视连续剧
女黑侠木兰花/79996	王天林、杜琪峰执导，赵雅芝主演警匪剧
阿宝/21759	中国内地男歌手
新白娘子传奇/419470	1992年赵雅芝主演古装神话情感剧
绝代双骄/32246	1966年-1969年古龙著武侠小说
巨轮/2034596	电视剧
倚天屠龙记/6625446	2003年合拍版苏有朋主演电视剧
冲击/16027215	1980年赵雅芝主演时装电视剧
麻辣婆媳/3481865	电视剧
铁血大旗门/8172198	武林门派
飞鹰/7118376	1981年赵雅芝、郑少秋主演经典武侠剧
非常女警/13385804	2007年中国内地左小青主演电视剧
蝶舞/17642624	《英雄无泪》女主角
京华烟云/5922587	1987年赵雅芝主演电视连续剧
雷锋纪念馆/18584850	抚顺雷锋纪念馆
约克大学/327057	加拿大约克大学
开封/122642	河南省地级市
雪花神剑/37977	1997年杨恭如主演电视剧
河南/132980	中华人民共和国省级行政区
天龙八部/5480164	2003年胡军主演张纪中制片武侠电视剧
我和僵尸有个约会/33951	香港ATV制作的系列电视剧
杏/2643	蔷薇科杏属植物
苏蓉蓉/7693954	武侠电影《弹指神功》第一主角
海城/72000	辽宁省鞍山市代管市
铁东区/42806	辽宁省鞍山市下辖区
铁西区/80238	辽宁省沈阳市铁西区
君子兰/188659	自然植物
天龙八部/5480068	1977年香港邵氏电影
王桂芬/68921	辽宁省国土资源厅党组书记、厅长
莞香/35214	2011年王文杰导演电视连续剧
白素贞/547814	传说人物
王天林/4537062	香港著名导演
大上海/64113	2012年王晶指导的电影
制作人/16830386	2015年韩国KBS台金土剧
天下第一/3962661	2005年王晶监制古装武侠剧
王子涵/7996167	中国香港，演员、歌手
唐军/11644	国家工商行政管理总局副局长、党组成员
NORTH/16070313	英语单词
桃园站/7263371	火车站站点
安静/2940419	周杰伦演唱歌曲
类/6824593	《山海经》异兽
崔占峰/9912195	牛津大学教授
黄金/6034	贵金属
陈雷/1250742	中华人民共和国水利部部长、党组书记
柏杨/476167	作家
station/16282461	英语单词
赵继/5799300	东北大学校长
马大帅/37134	赵本山自导自演的系列电视剧三部曲
张学良/385	国民革命军将领
刘长春/16657	中国奥运第一人
赵一楠/3561305	学生（赵本山之子
雾里看花/9124898	那英演唱歌曲
心酸的浪漫	心酸的浪漫
白天不懂夜的黑/29395	那英演唱歌曲
征服/13207679	那英演唱歌曲
那又怎样/28515	2011年发行的那英音乐专辑
金曲奖/5178174	华语音乐奖项
赵玉芳/43892	本山艺术学院工作人员（赵本山长女
张冀/303389	金牌编剧
赵铁蛋/10970550	赵本山的儿子
大笑江湖/9475671	朱延平执导的动作喜剧电影
乡村爱情/34005	2006年赵本山主演电视剧
月牙儿/967095	电视剧《乡村爱情小夜曲》片尾曲
我的中国心/72947	张明敏演唱歌曲
本溪/85493	辽宁省地级市
男儿当自强/5516025	林子祥演唱歌曲
察哈尔/1021236	蒙古察哈尔部
沧海一声笑/3749221	1990年许冠杰主演电影《笑傲江湖》主题曲
高校联盟/10485544	学校
谈美/5492617	培根的论文之一
倩女幽魂/10326768	张国荣演唱的电影《倩女幽魂》主题曲
热情奏鸣曲/17620839	郎朗个人演奏会实况
翠亨村/54923	广东中山市南朗镇下辖村
纸船/5820264	许冠杰演唱歌曲
老师/5533	培养学生的专业工作者
巨蟹座/25908	天文学
像春天一样/5024250	1997年王志文主演电视剧
南行记/61880	艾芜著小说集
宽恕/69833	汉语词汇
和你在一起/18504	2003年陈凯歌导演电影
过把瘾/15099	1994年赵宝刚导演电视剧
大丈夫/2836239	2014年王志文、李小冉主演电视剧
青瓷/8680567	2012年李骏导演电视剧
狼图腾/4116005	中国2015让·雅克·阿诺执导冯绍峰主演电影
后会无期/12804662	2014年韩寒导演电影
无人喝彩	无人喝彩
琥珀/65	松柏科植物树汁形成化石
小巷总理/13131715	雾霾尚未散去，总书记已经走来。
半斤八两/2688227	许冠杰演唱歌曲
黑龙江/7351	中华人民共和国省级行政区
浪子心声	浪子心声
幻城/14364248	2016年冯绍峰、宋茜主演电视剧
裸婚时代/6036937	2011年滕华涛导演电视剧
甲子/35869	干支之一
鸿门宴/8327210	2011年李仁港执导电影
中国电视/2267805	中国的电视事业
兰陵王/7747145	2013年冯绍峰、林依晨主演古装电视剧连续剧
正阳门下/6109770	刘家成执导的电视剧
远去的飞鹰/32013	2011年花箐执导电视剧
血战长空/72642	2010年沙溢主演电视剧
武林外传/5298	2006年中国大陆章回体古装情景喜剧
北上广不相信眼泪/16008327	2014年马伊琍、朱亚文主演电视剧
渗透/9457438	2013年沙溢主演电视剧
白玉兰奖/11447	上海电视节评选奖项
中国/19526303	汉语词语
青盲/7073887	2012年景旭枫编剧、杨文军执导电视剧
红高粱/409132	2014年郑晓龙执导、周迅主演电视剧
过年/2521	汉语词汇
闯关东/10910774	2008年李幼斌、萨日娜主演电视剧
甜蜜蜜/6145041	2008年邓超孙俪主演电视剧
独狼/70369	2012年陶秋普执导电视剧
潜伏/7704875	2008年孙红雷、姚晨主演的经典谍战电视剧
旗袍/7595	形成于民国时代的女性服装
士兵突击/7522329	2006年王宝强主演电视剧
双鱼座/23550	占星学
北平无战事/5267857	2014年孔笙、李雪执导的电视剧
好家伙/10497065	2013年简川訸执导电视剧
胡可/5679	中国内地女演员
我的团长我的团/7521381	2009年康洪雷导演电视剧
过界/2750473	2008年袁卫东执导电影
山河故人/13885362	2015年贾樟柯导演文艺剧情片
王锦鹏	王锦鹏
金婚风雨情/13083	2010年胡军、周韵主演的电视剧
十七岁不哭/1528018	十集电视剧
姐妹/9096805	王子导演电影
晚秋/10636706	韩国2011年金泰勇执导电影
初恋的故事/81716	2001年吴奇隆主演电影
少年天子/2324513	2003年刘恒导演古装清宫情感剧
颐和园/12015723	2003年娄烨执导文艺电影
天蝎座/2543199	占星学
密战/12513	2009年穆德远执导电视剧
北京遇上西雅图/1540941	2013年薛晓路执导电影
饭局也疯狂/37135	2012年尚敬导演电影
李学通/9666039	上海戏剧学院表演系教授
养母/2282694	矢野浩二主演的电视剧
生死线/16381	2009年孔笙执导电视剧
圣天门口/2133292	段奕宏、黄志忠、小宋佳主演电视剧
一百万/31659	自然数
老农民/5673204	张新建执导的电视剧
解忧公主/13709424	2014年路阳执导电视剧
新京城四少/2090701	民国偶像剧
左右/6020695	2008年王小帅编剧并执导家庭亲情电影
巍子/28312	中国影视演员、话剧演员
女医·明妃传/12795132	2015年李国立执导古装电视剧
蝴蝶飞飞/64432	2004年佟大为、杨雪主演电视剧
新济公活佛/4278091	2014年古装神话玄幻电视剧
浮沉/4019118	2012年滕华弢导演电视剧
蜗居/1291473	2009年滕华涛执导同名电视剧
借枪/5845	2011年张嘉译主演电视剧
一仆二主/12010023	2014年刘进执导张嘉译闫妮江疏影主演电视剧
悬崖/5248839	2012年张嘉译、小宋佳主演谍战电视剧
无人驾驶/16643	2010年张杨导演电影
心术/3955775	2012年吴秀波、海清、张嘉译主演电视剧
警察日记/12011347	2013年王景春主演大陆电影
猎人/17545211	2016年徐昂执导电视剧
疯狂的玫瑰/11164	电影《疯狂的玫瑰》
推拿/5174710	2014年娄烨导演电影
作家/1027545	从事文学创作有成就的人
王海燕/3741137	中国内地女演员
倾城之恋/78	1943年张爱玲所著小说
金锁记/15772	张爱玲创作小说
芈月传/73703	2015年郑晓龙执导电视剧
狗/85474	犬科哺乳动物
小团圆/63941	张爱玲创作小说
非法移民/8238641	香港电影非法移民
天蝎座/25945	天文学
圣约翰大学/71477	上海教会大学
似水流年/1647376	1984年严浩导演电影
玻璃之城/14167	1998年香港电影
岁月神偷/28275	2009年罗启锐执导电影
三城记/881703	2015年张婉婷执导电影
人在纽约/8332851	1989年学甫影业公司出品电影
大宅门/13886	2000年斯琴高娃、陈宝国主演电视剧
阳光灿烂的日子/4845548	1995年姜文导演电影
侠女/26943	1971年胡金铨执导电影
小马哥/9594591	《英雄本色》中的主角
兰州/170826	甘肃省省会
金牛座/23548	占星学
半生缘/14989	张爱玲作品
蓝色生死恋/6777793	韩国2000年宋承宪。宋慧乔·元斌主演韩剧
归心似箭/6813813	中国1979年李俊执导电影
红玫瑰与白玫瑰/953	1944年张爱玲著的小说
秋天的童话/15729	1987年张婉婷执导香港电影爱情经典作
卧虎藏龙/8560021	李安导演电影
英雄本色/1408427	1986年吴宇森导演枪战电影
喋血双雄/1541	1989年周润发、李修贤主演电影
苏黎世/763726	瑞士第一大城市
洛桑/77678	瑞士沃州洛桑区城市
羊/1947	偶蹄目牛科家畜
2015年/9660532	年表
莱茵河/20481	欧洲河流名
天使之城/10131716	美德1998年尼古拉斯·凯奇主演剧情电影
巴塞尔/3583402	瑞士第四大城市
偏偏爱上你/30794	2012年韩雪、丁子峻主演中国版情定大饭店
神话/7226227	2010年胡歌等主演的大型穿越玄幻电视剧
双鱼座/2074740	天文学
艺术家/9268301	法国2011年迈克尔·哈扎纳维希乌斯执导影片
小燕子/18140	古装电视剧《还珠格格》人物
国宝/4872	汉语词语
水晶/183	晶体矿物
花木兰/9159559	2009年赵薇主演的电影
火战车/30778	英国1981年休·赫德森执导电影
芜湖/222481	安徽省地级市
画皮/6287	2008年陈嘉上导演电影
致我们终将逝去的青春/4547283	2013年赵薇执导电影
情人结/64701	2005年霍建起执导的电影
情深深雨濛濛/10492707	2001年赵薇主演电视剧
小薇/17768140	漫画《尸兄》中的角色
还珠格格/10120766	1998年赵薇、林心如主演电视剧
黄新/3658001	中国内地女演员赵薇的女儿
黄有龙/2061062	中国女演员赵薇老公
监狱风云/2186439	美国1997年汤姆·方塔纳执导电视剧
精武英雄/80730	1994年陈嘉上指导的电影
霹雳火/2487	1995年香港动作电影
飞虎/8437925	1998年陈嘉上执导电影
精忠岳飞/10103929	黄晓明主演电视剧
逃学威龙/9831218	1991年周星驰主演电影
学校风云/16537	1988年林岭东导演电影
古惑仔/55	汉语粤语词汇
龙虎风云/16182838	1987年周润发主演电影
画皮/8692532	2011年薛凯琪主演电视剧
逆战/35176	腾讯旗下琳琅天上出品网络游戏
摩羯座/25946	天文学
陈济棠/3465	国民革命军陆军一级上将
梅城镇/4483950	浙江建德市梅城镇
兴宁/8881	广东省下辖县级市
香港制造/5339420	1997年陈果导演电影
狗咬狗/8904241	2006年郑保瑞拍摄电影
四川/212569	中华人民共和国省级行政区
陆川/35057	中国青年电影导演、编剧
灵山县/7182038	中国广西钦州市灵山县
壮语/7703463	壮族语言文字
北海/12719	广西壮族自治区地级市
刘永福/1757	清末民初民族英雄
梅州/2554831	广东省地级市
刑法/301706	法律概念
新竹/82401	中国台湾省新竹市
恋上你的床/79487	2003年古天乐主演电影
山歌/16518	民歌体裁
井冈山/28334	江西省吉安市境内山脉
刑事诉讼法/2562	法律法规
龙虎山/28219	江西鹰潭市境内山峰
南昌站/6825424	南昌铁路局直属车站
廖仲恺/44473	中国近代民主革命家、中国国民党左派领袖
南岭/2207019	长江与珠江流域的分水岭及周围群山
叶挺/299649	中国人民解放军军事家
南昌西站/6825403	南昌西站（高铁站
南海/27429	中华人民共和国管辖海域
邢台/264966	河北省地级市
雁南飞/10983768	国家AAAAA级旅游景区
华工/16179	专有名词
林金山/21709	新加坡建国元勋
Sg/13384086	国家域名
杜进才/3660650	新加坡前副总理
白云区/12918	广东省广州市白云区
can/4698180	广州白云国际机场代码
广州铁路（集团）公司	集团
赵伟/7198828	澳门大学校长
深圳北站/17773025	深圳地铁4,5号线车站
彭清华/29572	广西壮族自治区党委书记
丁颖/39736	中国现代稻作科学主要奠基人
罗俊/29286	中山大学校长、中国科学院院士
广珠城轨/1462995	广江珠城际轨道
股道/656211	书籍
世纪大桥/29028	海南海口世纪大桥
张琦/9917807	海南省委常委、海口市委书记
五象城	五象城
龙华区/20135397	广东省深圳市市辖行政区
壮语/64541	汉语词汇
丘濬/2387174	明孝宗朝文渊阁大学士
绿城/84319	南宁市的别称
大明山/5348	浙西大明山
王小东/7767464	广西壮族自治区党委常委、南宁市委书记
南湖公园/9754223	唐山市南湖公园
东方站/16849329	海南东方高铁站
五指山/3573396	海南省五指山山脉
降香/404126	豆科黄檀属乔木
尧山/9908465	广西桂林市尧山
百家姓/194637	传统蒙学三大读物之一
孙大文/70980	爱尔兰皇家科学院院士
张志东/12113	腾讯执行董事兼首席技术官
赵跃/9338105	沈阳市公安局交通警察支队支队长
张先程/27905	杂交水稻专家
师范/14903447	词语解释
白话/64338	汉语口语或接近口语的表达方式
梁宏/20738	广西师范大学校长
狱中对月/12534114	清代宋琬所作诗词
落第/16245661	李廓诗作
郭帆/7058141	中国内地男导演
王迎军/64375	华南理工大学校长
李东生/7086914	TCL集团董事长兼CEO
广东会馆/1364938	天津广东会馆
佛山/200343	广东省省辖市
东莞/495865	广东省省辖市
中国近三百年学术史/9893072	梁启超创作学术作品
戏马台/994987	徐州现存最早的古迹之一
范增/65206	秦末项羽谋士
九州/7921941	《九州幻想》小说中设定的架空世界
九州/6127	古籍所载的地域分划、中国的代称
虞姬/277490	秦汉时期女性、西楚霸王项羽的美人
狮子山/660124	江苏省徐州市狮子山
哥谭市/19964329	美国DC漫画旗下虚构城市
百老汇/71294	美国纽约街道名
大西洋/10883	世界四大洋之一
大苹果/8137403	美国纽约市别称
曼哈顿/635	美国纽约辖区和中心区
放鹤亭/4993104	江苏省徐州市放鹤亭
小南湖/9965046	徐州市云龙区小南湖
竹林寺/69694	江苏徐州寺庙
李宗仁/290786	曾任中华民国首任副总统、代总统
旺角/2186035	香港旺角
老子想尔注/7687285	台湾老版
九龙公园/4433136	香港九龙公园
双沟镇/4845620	江苏泗洪县双沟镇
黄集镇/65216	江苏省徐州市铜山区黄集镇
玉带河/10161432	陕西西南部河流（汉江上源支流
钟楼/2800010	香港尖沙咀钟楼
商丘/37047	河南省地级市
文化/23624	广泛的知识并将之活学活用与根植内心的修养
武术/25433	中国武术
大风歌/14542	刘邦诗歌
大皇帝/18710426	特指孙权
太祖/13024090	帝王庙号
赤乌/3317758	三国吴大帝时期年号
嘉禾/10340590	三国时期东吴帝孙权的第三个年号
神凤/8819	三国东吴大帝孙权年号
草船借箭/762917	《三国演义》中的著名典故
孙吴/3129077	三国时期政权
太元/8818	三国吴大帝孙权年号
卧薪尝胆/9305	成语释义
象鼻山/26203	广西桂林市景点
黄武/3317213	三国吴大帝孙权年号
江南/73	地理区域概念
strong/2345807	英语单词
爱丁堡/49840	苏格兰首府
利物浦/36868	英格兰西北部城市
曼彻斯特/81402	英国英格兰城市
伯明翰/65180	英格兰中部城市
内陆/25402	离开海岸较远的大陆内部地区
俄罗斯/125568	俄罗斯联邦
格拉斯哥/3293	苏格兰最大城市
伦敦/862	英国首都
爱尔兰人/10458803	自古居住在爱尔兰岛上的人
奥克兰大学/4476669	新西兰的高校
欢乐颂/1334	贝多芬作品
罗马/14033	意大利首都
意大利/148336	意大利共和国
柏林/75855	德国首都
巴黎/858	法国首都
德国/147953	德意志联邦共和国
庚子/599508	干支之一
莲花山公园/15484459	深圳市公园
荔枝公园/8615380	深圳市荔枝公园
数学家/1210991	数学家（世界著名数学家
界碑/910036	分界标志
南山街道/28000	广东省深圳市南山区南山街道
元宵节/118213	中国传统节日
南山区/21023	深圳市辖区
钱学森/26105	著名科学家
茅以升/440540	中国土木工程学家、桥梁专家、工程教育家
成都/128473	四川省省会
吴青峰/39241	中国台湾男歌手
宋朝/2919	中国历史朝代
医神/64039	古希腊医神阿斯克勒庇俄斯
盛宣怀/594770	清末官员、洋务运动代表人物
粤/84729	汉语汉字
分/4742434	汉字
灵/3173807	2006年金荷娜主演影片
御医/1059161	夜的邂逅著网络小说
浙/1187541	汉字
皇后/1080437	皇帝正妻
台/84818	汉字释义
皇帝/886	帝制时代最高统治者称号
长江路/4978748	南京市玄武区长江路
杜鹃属/3114911	植物杜鹃属
范阳/85056	中国古代地名和行政区划名
燕山/220745	燕山山脉
桑科/8634988	被子植物门
李清泉/5494240	深圳大学校长
河北/65777	中华人民共和国省级行政区
大安区/29511	自贡市市辖区
万寿山/13211	北京市海淀区万寿山
少林寺/7702	世界文化遗产、5A级景区、河南嵩山少林寺
天津/132308	中华人民共和国直辖市
殷墟/3908528	世界文化遗产、5A级景区、河南安阳殷墟
济南/135066	山东省省会
京沪铁路/630336	民国时期南京至上海的铁路
石家庄/154997	河北省省会
昆明湖/1619	北京颐和园湖泊
北京东站/4579228	北京市百子湾路北京东站
天津站/7244715	火车站
白洋淀/236169	湖泊
南开大学/134521	全国重点大学
月月红/3569115	月季品种
咸阳/183345	陕西省地级市
长春花/202596	植物
宁夏/15715	宁夏回族自治区
黄帝陵/293625	桥山黄帝陵
马凯/2595511	中共中央政治局委员，国务院副总理
吴玉章/2221	革命家、中国人民大学创始人
李世民/44058	唐太宗
刘伟/3145686	中国人民大学校长
王中林/63571	华裔美籍物理学家
王树国/42738	西安交通大学校长
杨宏/21024	“空间站系统”总设计师
张光斗/7295	中国水利水电工程结构专家
蒋正华/116541	第九届全国人大常委会副委员长
吴文俊/44938	著名数学家、中国科学院院士
迎春/4735	汉语词汇
阿房宫/68268	秦朝著名宫殿
新疆/132263	中国自治区
广州火车站/164636	火车站
超大城市/413865	城区常住人口1000万以上的城市
木棉花/1440439	植物
王耀武/51704	国民党抗日将领
石榴/17869	石榴科石榴属浆果
NPU/415947	蛋白质净利用率的英文缩写
吴亚军/4954752	龙湖集团董事长
刘鸣/38132	华南师范大学校长
胡军/3086625	暨南大学校长
吴学谦/3261719	原国务院原副总理
李光前/1653103	新加坡华裔富商
荆州/6058	湖北省地级市
汉口/809141	武汉市重要组成部分，武汉三镇之一
古德寺/8697269	武汉汉口古德寺
湖南/228213	中华人民共和国省级行政区
多景楼/621693	江苏镇江旅游景点
长沙/204237	湖南省省会
楚国/950754	周朝时期诸侯国
长沙站/7122219	铁路车站
龙门石窟/274	世界文化遗产、5A级景区、河南洛阳龙门石窟
嵩山/5671	五岳之一
洪湖/35771	湖北大型淡水湖
王晓东/3698619	湖北省委副书记，省政府省长、党组书记
天河机场站	天河机场站
衡山/253407	南岳衡山为主体的山脉
武当山/84549	湖北省十堰市武当山
周济/1342771	中国工程院院长
吴文刚/78808	华中科大文华学院董事会董事长
陈刚/7871883	贵州省委常委、贵阳市委书记
同济医院/5376689	武汉同济医院
台城/10845020	东晋至南朝皇宫与台省
李娜/5285	中国女子网球名将
张之洞/17493	晚清名臣、洋务派代表人物
李四光/841	地质学家、中国科学院院士
雷军/1968	小米科技创始人、天使投资人
清凉山/18097	南京市鼓楼区清凉山
高淳	高淳
上元/13676709	南京旧称
燕子矶/26199	南京市栖霞区燕子矶
虎踞龙盘/6851473	2006年杨凡主演电视剧
秦淮河/67332	长江下游右岸支流
九华山/7008	安徽省池州市九华山，国家5A级旅游景区
仰止亭/3165177	湖北省荆门市仰止亭
北湖/10330627	南京市玄武区北湖
后湖/2676885	南京后湖
永乐/28505	明成祖朱棣年号
中华门/37138	南京中华门
行李/10863552	汉语词汇
西安门/1605989	南京明故宫皇城西安门
玄武门/47186	南京明城墙玄武门
中山门/70	南京中山门
旅客/64274	牛奶咖啡演唱歌曲
明远楼/4088246	江南贡院明远楼
至正/17000395	元代年号
梅花山/32255	南京梅花山
乌衣巷/30901	南京秦淮河朱雀桥南岸古巷
无梁殿/34950	南京市灵谷寺无梁殿
紫霞湖/2676868	国家5A级旅游景区
三绝碑/2451558	南京三绝碑
花果山/4193	江苏连云港花果山（国家5A级旅游景区
鼓楼站/2043940	南京地铁鼓楼站
CNY/9976	人民币
东屏镇/35046	南京市溧水区东屏镇
李强/10810185	江苏省委书记
张广军/19355	东南大学校长
张永和/3640385	麻省理工学院建筑系主任，国际著名建筑师
张桂平/43213	苏宁环球集团董事长
王澍/1305194	普利兹克建筑奖首位中国籍得主
曹雪芹/14919	清代作家、名著《红楼梦》的作者
高华/857392	南京大学历史系教授、博导
陈骏/20772	南京大学校长，江苏省科协主席
吴健雄/37673	美籍华裔女物理学家
汉口路/9899915	南京市鼓楼区汉口路
角/3555592	几何名词
王东明/22994	四川省委书记
辽阳/168444	辽宁省省辖市
孙春兰/63832	中央政治局委员、中央统战部部长
东京/438	日本国首都
安卡拉/582023	土耳其首都
系/4182746	汉字
旧金山/29211	美国加利福尼亚州城市之一
朝天门/15222	重庆朝天门
云贵高原/206171	中国西南部高原
贵州/37015	中华人民共和国省级行政区
西藏/130045	中国自治区
黄龙风景名胜区/17722	世界自然遗产，国家5A级旅游景区
黄果树瀑布/136567	中国贵州省瀑布
云南/206207	中华人民共和国省级行政区
成都双流国际机场/1024519	机场
园博园/9402203	简介
青藏高原/849	亚洲内陆高原
黄葛树/1810584	植物
陕西/193811	中华人民共和国省级行政区
袁隆平/43836	杂交水稻之父、首届国家最高科学奖获得者
李丹阳/19461	中国女高音歌唱家
张卫国/11659	江苏省人大常委会原常务副主任、党组副书记
黄志强/50760	中国工程院院士
投资银行/525037	与商业银行相对应的一类金融机构
陈彭年/2306366	北宋大臣
MNC/55596	移动网络号码
保险/262	契约经济关系
北宋/396063	中国历史朝代
电视剧/20488	一种专为在电视或互联网上播映的演剧形式
声音/33686	物理术语
剧小说/19847579	文学体裁
诗歌/5555	文学体裁
monica/4210076	张国荣演唱歌曲
龙腾四海/722759	电影
小说/45851	文学体裁
画面/3476888	词语解释
沉默是金/5040273	许冠杰、张国荣演唱歌曲
当年情/1890687	张国荣演唱歌曲
我/10637921	张国荣演唱歌曲
散文/104524	文学体裁
风继续吹/359790	张国荣演唱歌曲
韩国	韩国
李晓红/12492	教育部副部长、党组成员
霸王别姬/8130086	1993年陈凯歌执导，张国荣主演电影
阎肃/32437	著名艺术家、空政文工团创作员
罗密欧与朱丽叶/35938	莎士比亚著名戏剧
诗人/38116	汉语词语
游龙戏凤/1413132	2009年刘伟强导演香港电影
天下无双/8248255	2003年张卫健、关咏荷、陈好主演电视剧
短发/37069	发型
高妹/6223298	李克勤演唱歌曲
我的兄弟姐妹/9288402	2004年杨恭如主演电视剧
胆小鬼/215501	梁咏琪演唱歌曲
文艺复兴/93247	14到17世纪的欧洲思想文化运动
窗外/3463843	1973年林青霞主演电影
白发魔女传/10659598	1959年李化执导香港电影
郭晓敏/20036	江苏卫视节目主持人
长恨歌/22524	白居易长篇叙事诗
黄土地/5068	1984年陈凯歌执导电影
风月/3044720	1996年陈凯歌执导电影
赵氏孤儿/10471497	2010年陈凯歌执导电影
无极/188876	2005年陈凯歌执导电影
梅兰芳/6136037	2008年陈凯歌导演电影
情人/997233	法国1992年让·雅克·阿诺执导电影
唐山大地震/2280174	2010年冯小刚导演电影
天下无贼/15916	2004年冯小刚执导电影
荆轲刺秦王/8958930	1998年陈凯歌导演电影
心动/9998155	1999年张艾嘉执导电影
搜索/5395421	2012年陈凯歌执导剧情片
我不是潘金莲/18225544	2016年冯小刚执导电影
甲方乙方/17892	1997年冯小刚执导电影
老炮儿/15891954	2015年管虎执导电影
非诚勿扰/3539896	2009年冯小刚执导电影
康城/12696752	青岛康城社区
天空/5617338	王菲演唱歌曲
十面埋伏/2280398	2004年张艺谋执导电影
执迷不悔/2813	王菲专辑《执迷不悔》歌曲
致青春/1397918	王菲演唱歌曲
我愿意/3135901	王菲演唱歌曲
匆匆那年/16006053	王菲演唱歌曲
不夜城/2237216	中国香港、日本1998年金城武主演电影
红豆/256749	王菲演唱歌曲
马赛/23693	法国城市
南特/2710222	法国城市Nantes
尼斯/4665	法国城市Nice
图卢兹/1568769	法国西南部城市
2046/1340816	香港2004年王家卫执导电影
催眠/9093267	王菲演唱歌曲
谢飞/68316	导演谢飞
流年/1593893	王菲演唱歌曲
里尔/619657	法国北部-加莱海峡大区首府和诺尔省省会
蒙彼利埃/23351	法国城市Montpellier
马赛曲/18554	法国国歌-马赛曲
云雀/67054	云雀属的一种
法兰西人/2581150	法国主体民族
红高粱/18820	1987年张艺谋执导电影
活着/64	1994年张艺谋执导电影
标致/10947625	法国标致雪铁龙集团旗下汽车品牌
元始天尊/71036	道教最高神三清之一
太上老君/53988	道教三清道祖
大红灯笼高高挂/10305762	1991年张艺谋执导电影
里昂/27070	法国城市Lyon
秋菊打官司/3555890	电影
雷诺/65516	法国车辆制造商
金陵十三钗/112	2011年张艺谋执导电影
摄影师/3280	摄影职业
珍珠/33579	有机宝石
庄子/8074	道家学派主要代表人物
列子/190377	周王朝时期著名学者
太公/4562160	汉语词汇
王诩/7414	春秋战国时期著名思想家、纵横家创始人
黄帝内经/97915	医史文献
列子/13826028	道家学派经典著作
管子/2803861	先秦学术著作
太清宫/31569	河南省鹿邑县太清宫
仙剑奇侠传三/5361	2003年上海软星制作电脑游戏
大鸿/9134737	上古人物
文子/29661	道家始祖老子的弟子、道家学派主要代表人物
庄子/2451694	道家学派经典著作
史记/254522	司马迁著纪传体通史
仓颉/735	黄帝时期造字史官
杭州湾/574670	海湾
龙山文化/33606	铜石并用时期
仰韶文化/247937	中国黄河中游地区历史文化
尹喜/2480221	道家代表人物
苏南/24746	江苏南部的简称
苏州	苏州
博卡拉/54171	尼泊尔城市地名
world/2215814	英语单词
冰箱/28303	保持恒定低温的一种制冷设备
周朝/1575	先秦朝代
朱庇特/49047	罗马神话主神
我的父亲母亲/33864	1999年张艺谋执导电影
茉莉花开/1408010	电影
董仲舒/374982	西汉思想家
希腊神话/63444	西方神话体系之一
艺伎回忆录/83272	2005年罗伯·马歇尔执导美国电影
中央大街/14811	黑龙江省哈尔滨市中央大街
太阳岛/1845	黑龙江省哈尔滨市太阳岛
宋希斌/11019156	黑龙江省哈尔滨市委副书记、市长
陈海波/5716	黑龙江省委常委、哈尔滨市委书记
奥林匹斯山/1811138	坐落在希腊北部的山，希腊神话之源
克洛诺斯/3399553	希腊神话众神之王
世纪大道/22143	上海市浦东新区世纪大道
赫拉/550771	古希腊神话中的第三代天后
雷电/2207868	战术谍报游戏《合金装备》系列人物
哈迪斯/36717	希腊神话中的冥王
波塞冬/21434	古希腊神话中的海神
榆树/36025	落叶乔木植物
珀耳塞福涅/75915	希腊神话中冥界的王后
雅典娜/26005	古希腊神话中智慧、战争、纺织的女神
赫菲斯托斯/2604787	希腊神话中火神
Hola/19811186	HOLA护肤品品牌
赫拉克勒斯/80186	古希腊罗马神话中的大力神
阿瑞斯/691	古希腊罗马神话中的战争之神
橡树/10885333	壳斗目的植物
太阳的后裔/13986326	2016年宋仲基、宋慧乔主演电视剧
吴清源/4064513	2006年田壮壮导演电影
绣春刀/6239710	2014年路阳导演电影
浪漫满屋/17710	韩国2004年Rain、宋慧乔主演电视剧
生死抉择/82328	2000年于本正执导电影
最好的时光/43806	2005年侯孝贤执导电影
刺客聂隐娘/16846105	2015年侯孝贤执导古装文艺电影
怪侠欧阳德/246405	2011年小沈阳、李晟、林江国主演电视剧
后厨/74801	2012年小沈阳主演电视剧
不差钱/599	2009年央视春节联欢晚会小品节目
捐助/4045860	2010年央视春晚小品
沈春阳/69551	中国著名二人转演员、小沈阳妻子
同桌的你/880869	2014年周冬雨&林更新主演电影
高原/28204	地理名词
约瑟/15084259	耶稣的养父
伯利恒/70128	巴勒斯坦中部城市
天下粮仓/31719	2002年吴子牛执导电视剧
首尔/61723	韩国首都
圣母玛利亚/1516956	耶稣的生母
罗马帝国/3059	古罗马文明的一个阶段
圣殿山/7557730	林万掌执导台湾电影
洛特/9566482	作者：梦三生东方晓系列小说主要角色
哭墙/28319	耶路撒冷犹太教圣迹
意大利人/84219	民族概念
教皇/717054	职业
百合/7886	百合科百合属植物
艺术/95102	词语
寺庙/82740	宗教场所
米/22423	汉语汉字
拜占庭帝国/475514	东罗马帝国又一称呼
日喀则/14894242	西藏地级市
五岳/5666	中国五岳
崂山/125288	山东半岛的主要山脉
三孔/24735	曲阜孔府、孔庙、孔林
齐鲁/24753	中国区域范围名称
青岛/60244	山东省副省级市、计划单列市
鲁班/346165	中国建筑鼻祖木匠鼻祖
孟子/126	儒家代表人物之一
青岛站/5908146	火车站
上交/19756140	“上海交通大学”的简称
牡丹/6080	毛茛科芍药属植物
墨子/245	墨家学派创始人及主要代表人物
三河镇/9660	安徽省肥西县三河镇
物理学家/2353	探索、研究物理学的科学家
陈宝生/45190	教育部部长、党组书记
张慧珍/48150	韩国女歌手
州府/17779903	现代州府
荷花/158674	睡莲科植物
松赞干布/77133	吐蕃王朝第33任赞普
华清池/196799	唐代封建帝王游幸的别宫
曹植/17364	汉魏之际文学家
龙头寺/6926751	甘肃省天水市秦州区天水镇龙头寺
中国通史/2683194	纪录片
大禹/204744	夏朝开国君主
上古时代/4298932	时间术语
恶作剧之吻/7732344	2005年郑元畅，林依晨主演台剧
惊蛰/9428	二十四节气之一
sweet/16006806	英语单词
BALL/15992715	英语单词
天外飞仙/32033	2005年胡歌、林依晨主演电视剧
射雕英雄传/6487199	2008年内地版胡歌、林依晨主演电视剧
SOUP/19660645	英文单词
我可能不会爱你/5753881	2011年瞿友宁执导台湾电视剧
长安/3799034	中国古代国都别称
刘恒/657	汉文帝
邯郸/334665	河北省辖地级市
刘启/1629700	汉景帝
绍兴/15605	浙江省下辖地级市
立夏/7587	二十四节气之一
刘彻/477056	汉武帝
魔都/68456	上海的别称
东方巴黎/12003017	东方几座城市的美称
静安寺/568216	上海市静安区静安寺
迪士尼乐园/24413	迪士尼游乐园
东海/18322	中华人民共和国管辖海域
上海南站/7558851	火车站
应勇/10138900	上海市委副书记、市长
长江口/69574	长江流入东海河口
上海西站/5859447	火车站
上海虹桥站/223161	高铁站
漠北/7586783	中国北方沙漠、戈壁以北的广大地区
内阁/1047545	汉语词语
明朝/141291	中国历史朝代
南京路/21815	上海南京路
万国来朝/8458243	词语
郑和下西洋/23805	明朝历史事件
长陵/18096	汉高祖陵寝
海防/8148871	越南海防市
阮春福/19311307	越共中央政治局委员、政府总理
陈大光/17274754	越南国家主席
澳门风云/4441623	2014年王晶执导喜剧电影
叶问3/1295100	2015年叶伟信执导香港电影
rice/17177352	英语单词
武媚娘传奇/16416130	2014年范冰冰主演古装电视剧
春秋/982807	东周前半期历史阶段
痞子英雄/8207	2009年周渝民、赵又廷主演电视剧
战国/4819	中国历史时期
最美的时光/52237	2013年钟汉良主演电视剧
九章/4501045	楚辞作品
天问/14813	战国时期屈原楚辞作品
丹阳/6052010	楚都丹阳
离骚/1045	屈原诗作
招魂/79720	风俗仪式
美政	美政
巴西/5422	巴西联邦共和国
安哥拉/408582	非洲西南部国家
九歌/67994	楚辞作品
内部/33642	汉语词语
千叶/1791031	日本城市
札幌/643046	城市
京都大学/2566604	日本京都市境内国立综合大学
京都/10290262	日本京都市
丰田/378705	丰田汽车公司
菊花/29500	菊科菊属宿根草本植物
本田/444932	日本本田株式会社
银座/1860289	日本银座商业区
索尼/999090	世界著名企业
李治/5399	唐高宗
丰臣秀吉/226587	日本战国三英杰之一，名将、政治家
织田信长/65403	日本战国、安土桃山时代名将
山口百惠/30018	日本著名影视歌三栖明星
天照大神/1715808	日本神话的太阳女神
太阳/24010	太阳系的中心天体
匆匆/1577840	朱自清散文
荷塘月色/9765753	朱自清所作散文
背影/2663983	朱自清创作散文
平成/4515553	日本第125代天皇的年号
德川家康/6603	日本历史人物
春/6983693	朱自清散文
绿/2873830	朱自清散文
江阴/216035	江苏南部县级市
永不言败/5501708	Justin Bieber演唱歌曲
自由/5264	汉语词语
金枝欲孽/31181	2004年戚其义监制古装宫斗剧
珠光宝气/5628	2008年蔡少芬、黎姿等主演TVB电视剧
毛泽东诗词/31327	毛泽东旧体诗词作品
天与地/422	2011年香港TVB制作的电视剧
美味情缘/53947	2001年吴启华、林峰主演香港TVB电视剧
柒/6676088	汉字
肥田喜事/9994386	2006年许志安、胡杏儿主演电视剧
怒火街头/1606922	2011年郑嘉颖主演电视剧
冲上云霄/27486	2003年TVB电视剧
西宁/37036	青海省省会
李清照/6351	宋代女词人
西海/10291	青海湖的别称
王国生/158	青海省委书记、省人大常委会主任
勒托/4638690	希腊神话中的泰坦女神
冬虫夏草/14542348	麦角菌科真菌冬虫夏草菌（草药
寻秦记/2112493	2001年古天乐主演TVB古装穿越电视剧
赫尔墨斯/2477152	希腊神话中众神的使者
汇通天下/66204	2006年梁材远执导香港TVB电视剧
six/15386130	英文单词
陆/52248	汉语汉字
浴火凤凰/7747773	2006年王晶导演电视剧
霹雳mit/8104087	台湾电视剧
模特/13582488	李荣浩音乐专辑
犀利人妻/4248745	2010年徐辅军曾丽珍导演台湾电视剧
命中注定我爱你/27211	2008年陈乔恩、阮经天主演台湾偶像剧
艋舺/9257159	2009年钮承泽执导电影
电视/228945	家用电视
喜剧/392087	艺术类型
陈国强/9732203	香港股坛名人
J2/6395	香港电视数码频道
金枝玉叶/7875078	马齿苋科植物
星河/152400	人物
龙门镖局/67282	2013年宁财神编导的电视剧
铁狮玉玲珑/16562377	2014年澎恰恰主演电影
徐锦江/43325	中国香港男演员
杨门女将之女儿当自强/5064924	李若彤、郑佩佩主演电视连续剧
李宝安/19412	TVB财务及行政总经理
星苹果乐园/5815923	2006年刘建律执导电视剧
020/8260183	广东省广州市的区号
王庆华/8832660	苏州国家历史文化名城保护区管委会主任
长桥街道/1764370	吴中区长桥街道
高铁站	高铁站
高启/5010983	元末明初著名诗人
朱虹/3275573	军旅歌手
九里香/22955	芸香科、九里香属常绿灌木
剑池/14829788	（二
黄伟雄/13346975	湖南岳阳市平江县委副书记、县长
三国/5428	中国东汉与西晋之间的历史时期
碧螺春/2682	茶叶种类、中国十大名茶之一
神雕侠侣/7906915	1995年香港TVB版古天乐、李若彤主演电视剧
赵树理/27137	建国初期著名的小说家
黄德斌/5399910	香港影视演员
无锡/135983	江苏省地级市
高铁站/16686207	合肥轨道交通车站
天地男儿/2585313	1996年郑少秋、罗嘉良主演TVB电视剧
酒店风云/8507	2005年香港TVB电视剧
雪山飞狐/8249610	陈锦鸿1999年主演电视剧
张筱兰/7014354	香港大学名誉助理教授
飞虎/8437940	2012年林志华导演TVB出品电视剧
新上海滩/11006777	1996年陈锦鸿、郑少秋主演电视剧
难兄难弟/10057233	1997年罗嘉良、吴镇宇主演TVB电视剧
郑和下西洋/9720420	2009年罗嘉良主演大陆历史剧
苏岩/18117	中国大陆女演员
凤穿牡丹/24107	2008年曾丽珍导演电视剧
流金岁月/10480429	2002年罗嘉良、宣萱主演TVB电视剧
国色天香/10992	2010年叶璇、刘恺威主演内地电视剧
天秤座/25966	天文学
千山暮雪/3920057	2011年刘恺威、颖儿主演电视剧
盛夏晚晴天/34551	欢瑞世纪出品刘恺威杨幂主演电视剧
千金女贼/9717223	2015年唐嫣、刘恺威主演电视剧
辅仁大学/9261120	台湾辅仁大学
俄耳甫斯/18210513	希腊神话人物
梁祝/3983453	1994年徐克执导吴奇隆主演电影
祝你一路顺风/8402545	吴奇隆演唱歌曲
家变/3647784	1977年香港TVB电视剧
陈永平/43933	苏州科技大学校长、党委副书记
万水千山总是情/16498	1982年汪明荃、谢贤主演电视连续剧
萧十一郎/10780824	2002年内地版吴奇隆、朱茵主演电视剧
少年王/17152	2003年吴奇隆主演电视剧
步步惊心/10819206	刘诗诗、吴奇隆主演电视剧
寂寞空庭春欲晚/2646636	2016年刘恺威、郑爽主演电视剧
处女座/2859614	占星学
演员/17704276	薛之谦歌曲
京华春梦/4361952	1980年刘松仁、汪明荃主演TVB电视剧
忠奸人/15039820	2014年TVB电视剧
欧倩怡/660476	中国香港演员、主持人
甄嬛传/4701562	2011年郑晓龙执导古装清宫斗争剧
迷离档案/7791440	1997年香港TVB电视剧
证人/11003172	2008年林超贤执导电影
激战/3234977	2013年林超贤导演电影
线人/7126	2010年林超贤执导香港电影
蒙特利尔/80820	加拿大第二大城市
昭君出塞/5762290	2006年罗嘉良、李彩桦主演内地电视剧
洛神/31263	中国​远古神话传说中的女神
枫叶/21509	植物枫树的叶子
海狸/1212649	中型水陆两栖兽类
楚汉骄雄/66171	TVB2004年电视剧
戴维·约翰斯顿/6790625	加拿大总督
大追捕/31518	2012年周显扬执导香港电影
牛/9259224	十二生肖之一
过客/683857	汉语词语
枫树/315522	植物
书剑恩仇录/8012177	2009年乔振宇、郑少秋版电视剧
九五至尊/10635182	2002年江华、张可颐主演TVB穿越剧
梁洁华/6046321	香港艺人
季节/7522505	1987年香港TVB电视剧
天龙八部/5480147	1997年黄日华版电视剧
射雕英雄传/16723381	2017年内地版杨旭文、李一桐主演电视剧
男人心/19368590	1953年蒋伟光执导电影
天秤座/2609891	占星类
难兄难弟/4501207	1960年秦剑执导电影
爱情公寓/17434	韦正导演的都市爱情情景喜剧
因为遇见你/18779119	2016年周晓鹏执导电视剧
足球小将/5947351	日本高桥阳一漫画改编电视动画
足球小将/27431	高桥阳一著作漫画
十八岁的天空/1050381	2002年保剑锋主演校园青春偶像励志剧
高英/4338932	江苏省话剧团演员
微博达人/2743177	2012年陈键锋、章龄之主演电视剧
偏偏爱上你/2188123	吴建飞个人专辑
宋洋/186010	中国内地导演
白凡/53486	重庆藉影视演员
杨蓉/19432	中国内地女演员
孙菲菲/8357	中国内地女演员
李慧珠/2576870	中国香港女导演
舒畅/143783	中国内地女演员
王阳/29570	中国内地影视男演员
海陆/21853	中国内地女演员
为人师表	为人师表
小时候/8508958	苏打绿专辑预购礼
白冰/10967	中国陕西籍女演员
陈晓/1178647	中国内地男演员
倚天屠龙记/1783089	1986年TVB版梁朝伟主演电视剧
灭绝师太/3075283	小说《倚天屠龙记》人物
甲辰/71618	干支之一
风起云涌/8907831	电视剧《倚天屠龙记》吴启华演唱主题曲
变脸/2343510	1997年吴宇森执导电影
社会/73320	在特定环境下形成的个体间的存在关系的总和
男亲女爱/65396	2000年黄子华、郑裕玲主演港剧
十月围城/15915	2009年陈德森执导电影
互联网/199186	网际网络
于无声处/12031417	2014年阎建钢执导电视剧
龚宇/8594	爱奇艺创始人、CEO
作曲家/13385720	李荣浩发行的EP
义经/4369923	日本2005年泷泽秀明主演电视剧
月之恋人/10485259	日本2010年木村拓哉主演的电视剧
钢琴家/62469	钢琴的演奏者
孔繁森/76770	新中国成立以来感动中国人物之一
毛泽东的故事/10313157	1992年茅毛、韩三平、罗星执导电影
赤壁/9108080	唐代杜牧诗作
神都/713894	神都是唐睿宗及武周时期洛阳的别名
斟鄩/67566	夏朝都城
幸福额度/21945	2011年陈正道执导电影
龙潭大峡谷/9211806	地理区域
白云山/2667398	河南省洛阳市白云山
老君山/22174	洛阳栾川老君山
宋国/31041	周代诸侯国
草/2774623	汉字一种书体
王羲之/127554	东晋时期著名书法家
颜真卿/66560	唐代名臣、著名书法家
笔墨纸砚/4831439	文房四宝
行/2672431	字词
挑战麦克风/7471502	湖南卫视综艺节目
快乐男声/83949	湖南卫视选秀娱乐节目
舞动奇迹/7488	湖南卫视舞蹈电视节目
白马寺/4680	河南省洛阳市白马寺
懂小姐/13136283	湖南卫视喜剧栏目
我是歌手/3981757	湖南卫视综艺节目
lion/19968967	狮子合唱团演唱歌曲
兰亭集序/199614	集序文章
欧阳询/481644	唐朝著名书法家
龙文/5008002	开心辞典主题曲
在和平年代/2224644	谭晶演唱的歌曲
在那东山顶上/32332	谭晶演唱歌曲
蔓延/6075746	谭晶演唱歌曲
祖国万岁/66576	著名青年歌唱家谭晶的代表作之一
超级女声/2689	湖南卫视选秀娱乐节目
天空/5617356	谭晶演唱歌曲
妻子/1965977	谭晶演唱的歌曲
远情/1287909	电视剧《乔家大院》主题曲
世界/353666	2010上海世博会志愿者主题歌
假如/2863139	杜丽莎歌曲
都是你/43799	光良演唱歌曲
烟火/2650436	歌手光良演唱歌曲
少年/19416526	2016年杨树鹏执导电影
女孩别哭/9516890	李春波执导的电影
阿楚姑娘/19476697	袁娅维演唱歌曲
不必在乎我是谁/20376921	林忆莲演唱歌曲
勇气/5620839	梁静茹演唱歌曲
丝绸之路/6074503	谭晶演唱的歌曲
CCTV青年歌手电视大奖赛/4696768	声乐比赛
第一次/3854438	2012年赵又廷、杨颖主演爱情片
本色/5719034	林忆莲专辑
盖亚/3228354	林忆莲发行专辑
卑鄙/16636739	袁娅维2014年歌曲
至少还有你/1035	林忆莲演唱歌曲
当爱已成往事/19225964	林忆莲&李宗盛演唱单曲
Adagio/20456494	罗拉·菲比安演唱歌曲
为你我受冷风吹/10796594	香港著名歌手林忆莲演唱歌曲
客家/10249	汉族民系
S.O.S D'un Terrien en detresse/20395092	迪玛希翻唱的歌曲
天亮了/3158366	韩红演唱歌曲
The Show Must Go On/20405420	皇后乐队演唱歌曲
呼吸/15418190	林忆莲2006年发行的专辑
夏日甜心/18752939	湖南卫视全新大型女子综艺节目
追梦	追梦
黄国伦/74070	台湾流行音乐制作人
青春进行时/16011675	湖南卫视电视剧场
天天向上/27155	湖南卫视娱乐节目
开福区/10368105	湖南省长沙市辖区
陈建斌/11640	国家话剧院演员
东区街道/27962	广东省中山市东区街道
伤痕/3001086	1995年林忆莲演唱歌曲
逆水寒/5070293	中国2004年鞠觉亮指导电视剧
孤芳不自赏/17858522	2016年钟汉良、杨颖主演电视剧
午夜的街头/3159235	凤飞飞演唱歌曲
失踪/5796194	林忆莲歌曲
大醉侠/10073396	2002年苏沅峰、邱英洪执导电视剧
火玫瑰/8210733	香港TVB电视剧
金燕子/10620274	郑佩佩饰演的电影角色
分享爱	分享爱
梦里花落知多少/10974210	2007年贾一平主演电视剧
十月围城/10893704	2014年钟汉良主演电视剧
水浒传/1442574	2011年鞠觉亮执导的电视剧
圣诞结/10955775	陈奕迅演唱的歌曲
我本善良/13985	1990年李兆华执导香港TVB电视剧
许愿/2475	香港著名明星导师
于冬/70329	博纳影业CEO
对不起，我爱你/12012084	导演杨子执导电影
唐伯虎点秋香/6435327	1993年周星驰主演电影
做你的男人/44756	张信哲音乐专辑
京城四少/7590	中国内地京城富二代的称谓
饮食男女/15261	1994年李安执导电影
汶上县/2446972	山东省济宁市辖县
许月珍/9216580	第一届杭州十大平民英雄
一人有一个梦想/7087617	黎瑞恩音乐作品
张之亮/13235	中国香港电影导演
理智与情感/207173	英美1995年李安导演剧情片
断背山/15785	美国2005年李安执导电影
投名状/12000794	2007年陈可辛执导电影
少年派的奇幻漂流/4973389	2012年李安执导电影
意	意
喜宴/29589	美国1993年李安执导电影
解语花/4870	小说《盗墓笔记》人物
末代皇帝/7933	1987年贝纳尔多·贝托鲁奇执导电影
上海之夜/4199317	1985年徐克执导电影
如果爱/13481817	湖北卫视明星恋爱真人秀
难得有情人/13511	关淑怡1989年发行专辑
中国合伙人/10191907	2013年陈可辛执导电影
诱僧/5861909	1993年香港电影
改变自己/14892686	王力宏演唱歌曲
我们的歌/31148	王力宏演唱歌曲
火力全开/33887	王力宏音乐专辑
大城小爱/28911	2005年王力宏演唱歌曲
唯一/17001922	《终极恶女》中人物
心跳/2640820	医学名词
龙的传人/5891615	侯德健词曲歌曲
恋爱通告/9455593	2010年王力宏、刘亦菲主演电影
龙门飞甲/6645104	2011年徐克、张之亮执导电影
风声/5711	2009年高群书、陈国富执导电影
咖喱辣椒/81856	1990年周星驰主演喜剧电影
蓝色妖姬/33877	染了蓝紫色的蔷薇科蔷薇属玫瑰种植物
建党伟业/7664	2011年韩三平导演建党90周年献礼电影
苏州河/5766708	2000年娄烨执导电影
异域/51774	汉语词汇
苍天有泪/10311970	琼瑶小说
孽子/72108	汉语词语
香水百合/2196	植物
孤恋花/2913529	2005年曹瑞源执导电视剧
大明宫词/1212753	电视剧
富贵逼人/4800	汉语词语
不能结婚的男人/5862101	韩国2009年金正奎导演电视剧
欢乐今宵/66197	香港无线电视综艺节目
陈文彬/6119842	台湾导演
快乐星期天/7593618	台湾华视综艺节目
百万新娘/53753	韩国SBS电视台制作电视剧
美酒加咖啡/8809322	邓丽君演唱歌曲
同学会/13022013	常远艾伦王宁2014元宵节小品
严浩/5012116	中国香港影视导演
哑女情深/9819118	1965年台湾电影
马永康/9573	中国当代诗人
郭强/13867160	中国大陆男演员
神雕侠侣/7970122	1998年台湾台视版任贤齐、吴倩莲主演电视剧
于洋/6260286	中国青年女演员
胭脂扣/65765	1988年张国荣、梅艳芳主演电影
笑傲江湖/8469413	2000年台湾中视版任贤齐、袁咏仪主演电视剧
徐文光/62283	浙江省衢州市委副书记、市长
吴建国/25670	泰州市书协云石轩书画院院长
长恨歌/7993842	2005年郑秀文、梁家辉主演的电影
刘海砍樵/59550	2014年乔振宇主演的电视剧
往事只能回味/2776808	林煌坤作词、刘家昌作曲歌曲
叶问/6177104	2008年甄子丹、熊黛林主演的电影
蝶变/3931259	1979年徐克执导电影
黄月/19933406	中国内地女演员
精武门/21566	“精武门”的含义
三毛/1364178	台湾著名女作家、旅行家
郝博/16619606	甄子丹骨灰级粉丝
闰年/27098	历法中的名词
鼠/1343325	十二生肖之一
导火线/15684	2007年叶伟信执导电影
漂洋过海来看你/6995114	1991年金智娟（娃娃
寂寞的十七岁/73541	电影信息
鬼迷心窍/3646220	李宗盛演唱歌曲
凡人歌/62851	李宗盛演唱歌曲
真心英雄/525	李宗盛创作歌曲
梦醒时分/22121	陈淑桦演唱歌曲
当爱已成往事/1598004	1993年张国荣主演电影《霸王别姬》主题曲
原乡人/2749520	李行执导电影
烟水寒/10407932	1977年赖成英执导电影
在水一方/10103077	1975年张美君导演香港电影
庭院深深/8383604	1987年秦汉刘雪华主演琼瑶剧
陆地/1697358	汉语词语
紫玉金砂/6485046	2005年秦汉主演电视剧
日出/1694214	1985年上海电影制片厂摄制电影
十八/6690909	1993年台湾电影
黑洞/10952	特殊天体
杀虎口/2116908	2009年徐纪周执导电视剧
川岛芳子/6214	日本间谍，伪满洲国司令
生死桥/12030519	2010年贾乃亮主演电视剧
立春/3417731	2008年顾长卫导演电影
孔雀/9383648	中国2005年顾长卫执导剧情电影
激情燃烧的岁月/4507532	2001年孙海英、吕丽萍主演电视剧
苏乞儿/7887736	2010年赵文卓主演电影
黄飞鸿/30504	清末民初武术家
赵紫阳/17784952	赵文卓的女儿
霍元甲/6344	著名爱国武术家
刀/13033971	1995年徐克执导电影
牵手/10642407	1998年杨阳执导电视连续剧
金婚/9523978	2007年张国立、蒋雯丽主演电视剧
幸福来敲门/9099926	2010年由蒋雯丽、孙淳主演的电视剧
栗子/64570	栗属植物
宋子安/28157	宋子文胞弟
宋子良/28156	宋子文胞弟
骆驼祥子/7800097	1982年凌子风执导电影
剑雨/4152941	2010年苏照彬执导古装武侠片
李丽莎/16284037	CCTV6主持人
刘湛/15420109	已故著名功夫电影导演、演员
朝阳区/2134	北京市辖区
张思德/3552409	2004年吴军唐国强主演电影
茶馆/4959534	1982年谢添执导经典电影
马永贞/9557584	2012年陈国坤主演电视剧
南龙北凤/14794	1999年黄日华主演电视剧
少林寺/2254961	1982年张鑫炎执导电影
敢死队/3834155	美国2010年史泰龙主演电影
新少林五祖/74620	李连杰主演的电影
公子多情/80714	1988年霍耀良执导电影
七年之痒/249	汉语词语
第一桶金/167242	2006年郑元畅、麦嘉主演电视剧
龙在天涯/2767267	1989年邓衍成执导电影
12月31日/6768533	历史上今天
唐山大地震/7835	1976年7月28日唐山7.8级强地震
如来神掌/10948463	2002年张智霖、朱茵主演台湾电视剧
康熙王朝/54309	中国2001年陈家林执导陈道明主演电视剧
赌圣/35664	1990年周星驰主演电影
太极张三丰/15377	1993年袁和平执导电影
围城/2068378	钱钟书小说
方世玉/931	清乾隆年间人物
楚留香传奇/5783758	1979年郑少秋赵雅芝主演武侠剧
书剑恩仇录/8012036	1976年香港TVB郑少秋主演版电视剧
江湖奇侠传/10840274	1997年郑少秋主演电视剧
蝴蝶飞/8483	香港电影《蝴蝶飞》
比我幸福/13858058	陈晓东演唱歌曲
男人四十/17425	2002年许鞍华执导电影
亲密/16299	词语解释
妖兽都市/3788	香港1992年黎明主演电影
海上花/2771809	1998年侯孝贤执导电影
画魂/15830425	网易玄幻网游《倩女幽魂2》职业
堕落天使/13846938	游戏《英雄联盟》中的英雄
格陵兰岛/23598	丹麦属地、世界最大岛屿
约定/2633138	周蕙歌曲
原振侠/9489542	1993年黎明主演香港TVB电视剧
巨鹿	巨鹿
武安/1606	河北省邯郸市下辖县级市
锦州/131464	辽宁省地级市
汾河/1060428	黄河在山西境内的支流
渤海/825748	中华人民共和国管辖北部内海
渭河/932174	中国黄河的最大支流
大同县/69453	山西省大同市大同县
心有独钟/643401	陈晓东演唱歌曲
龙城/6470657	太原别名
郊区/5518109	长治市郊区
太山/85635	太原名山
崇善寺/16198	山西省太原市崇善寺
今夜你会不会来/67756	黎明歌曲专辑
全日爱/66844	黎明演唱歌曲
心在跳/9274602	黎明演唱歌曲
王伟中/1854406	山西省委常委、太原市委书记
王昌龄/2684	唐代著名边塞诗人
荣誉勋章/9975012	美国最高军事奖章
狄仁杰/34	唐朝宰相
杨家将/61878	北宋著名军事家族
岩山寺/7620977	山西五台山灵岩寺
大同/9011	山西省大同市
王安/3761703	中国国际工程咨询公司党组书记、总经理
衢州/214477	浙江省辖地级市
襄阳城/10970409	《三国演义》中的襄阳
水帘洞/14079258	《西游记》中洞府
陆家庄/19173283	陆展元庄园
饶州/1798592	历史地名
王君/24533	全国人大民族委员会副主任委员
狮子岩/12799143	浙江楠溪江岛屿
普陀区/8706680	浙江省舟山市辖区
双桂堂/28412	重庆市梁平县双桂堂
钱塘/12001179	地域名
灵隐寺/110918	浙江杭州灵隐寺
六和塔/487399	建筑
湘湖/8989167	浙江萧山名湖
临安/6659	浙江省杭州市下辖市
徽州/276224	历史地理名称
西溪国家湿地公园/68185	旅游景点
叶明/5313046	杭州市政协主席
茅盾故居/13843480	茅盾乌镇故居
梦想天堂/16005283	杭州市市歌
嘉兴/29733	中国浙江省地级市
蓝印花布/64408	工艺品
赵一德/21296	浙江省委常委、杭州市委书记
苏堤/2939579	杭州苏堤
三月三/4101	中国多个民族传统节日
湖心亭/9830637	杭州西湖湖心亭
湖滨路/1136088	深圳湖滨路
呐喊/2647540	鲁迅著名短篇小说集
彷徨/2321666	鲁迅的小说集
小瀛洲/385419	西湖岛屿
钟/9824826	姓氏
野草/5685843	鲁迅创作散文诗集
朝花夕拾/21856	鲁迅散文集
南山路/3117771	杭州市南山路
雷峰塔/427171	杭州西湖古塔
太子妃升职记/18264371	2015年张天爱、盛一伦主演网络剧
雪山飞狐/12998	金庸武侠小说
笑傲江湖/10719298	2013年霍建华版笑傲江湖电视剧
周觅/16945	中国籍男歌手、演员、主持人
吴朝晖/41009	浙江大学校长
平原县/1277381	山东省地名
鹿鼎记/13719	1969年金庸创作武侠小说
孙杨/1012	中国游泳运动员、世界游泳名将
孤山/5208459	浙江省杭州市山峰
建筑工程/5031475	指建筑行业的工程
机械工程/411828	一级学科
化学工程/66238	工程技术学科
徐光宪/461035	中国科学院院士
周光耀/22658	无机化工专家
冯凯/8396049	台湾导演
潇洒走一回/69306	叶倩文的同名专辑演唱歌曲
廖峻	廖峻
大海/10561825	台湾著名歌手张雨生的歌曲《大海》
回家/10637735	王杰1992年专辑
青苹果乐园/1148339	《小虎队》的成名曲
小虎队/20703	中国台湾偶像团体
一场游戏一场梦/5882925	王杰演唱的歌曲
是否我真的一无所有/12697524	王杰演唱歌曲
英雄泪/10895048	王杰演唱歌曲
彭国华/34553	知名音乐制作人
今生无悔/17458890	王杰演唱的歌曲
陈志远/8381732	马来西亚著名华裔企业家
谁明浪子心/5981788	1989年王杰演唱歌曲
许江/29278	中国美术学院院长
不浪漫罪名/67383	王杰演唱歌曲
吴冠中/80889	当代画家
职业/518	汉语词语
忍者龟/5319345	《忍者龟》动画第一部
龙争虎斗/10131007	1973年李小龙原创香港电影
精武门/5223059	1972年李小龙主演电影
白羊座/2151709	天文学
西游·降魔篇/67853	2013年周星驰导演的电影
赛德克·巴莱/62263	2012年林庆台主演历史片
圣诞玫瑰/7984067	2013年桂纶镁、郭富城、夏雨等主演电影
星愿/190392	1999年任贤齐张柏芝主演电影
阿拉伯/1736939	地区
一夜惊喜/5541814	喜剧电影
混血儿/60425	汉语词语
岁月轻狂/11068347	李治廷演唱歌曲
七剑/26715	2005年徐克导演电影
倾城之泪/26838	2011年周冬雨主演爱情电影
一片痴/70838	张国荣1983年专辑
天行者/66178	2006年郑伊健主演电影
友情岁月/6829022	刘卓辉、陈光荣创作歌曲（粤语
听说/2681120	2015年在内地上映的彭于晏、陈意涵主演电影
中华英雄/10661181	1999年刘伟强执导电影
劲歌金曲/10372064	香港TVB流行音乐节目
兔/522910	兔科物种总称
破风/13474986	2015年林超贤执导电影
分手合约/67641	2013年吴基焕执导电影
匆匆那年/12633050	2014年张一白导演，彭于晏、倪妮主演电影
对面的女孩看过来/1200084	任贤齐的歌曲
四明山/78059	浙江四明山
吴越/2879522	中国大陆女演员
桃花朵朵开/2392306	阿牛演唱歌曲
胡岚/4387532	希尔顿酒店董事长
实事求是/36312	词语释义
经世致用/10129309	文言出处
江东区/4659331	中国浙江省宁波市原下辖行政区
法学/23558	关于法律问题的知识和理论体系
踏血寻梅/7664914	玄幻小说
京城81号/13873164	电影
叶问/4556353	2013年郑嘉颖、韩雪主演电视剧
错爱一生/18788	2005年梁山导演情感剧
江北区/11289	浙江省宁波市江北区
淑女之家/5177249	2015年林清振、林龙执导电视剧
双子座/2535152	天文学
蜀山传/15571	2001年徐克导演电影
人民英雄/9952051	1988年香港电影
娱乐没有圈/10822562	2009年林清振执导电视剧
河东狮吼/2024178	2002年电影
猴/544632	灵长类动物
喜剧之王/3028237	1999年周星驰主演并执导电影
忘不了/5852835	2003年张柏芝刘青云主演电影
双雄/13344156	2003年陈木胜执导香港电影
星语星愿/15388671	张柏芝演唱歌曲
杨福家/43460	中国科学院院士
北国/9592336	我国北方地区
伪满皇宫博物院/2151196	博物馆
人民广场/2817134	长春人民广场
立春/8896	二十四节气之一
黑松/3267665	日本黑松
魔兽/18611591	2016年邓肯·琼斯执导美国电影
夜宴/11085	冯小刚2006年执导电影
见鬼/4568975	1、人看见鬼魂 2、多部恐怖电影名
网中人/16445	1979年香港TVB电视剧
银狐/1758483	仓鼠的一种
戏王之王/10993	2007年陈庆嘉执导华语电影
豪门/4812	汉语词语
大唐双龙传/2459591	2004年林峯吴卓羲主演TVB古装武侠电视剧
湖州/209713	浙江省地级市
编辑部的故事/5212070	电视连续剧
大腕/9879571	2001年冯小刚执导电影
让子弹飞/5358	2010年姜文执导主演电影
芙蓉镇/5616126	1986年谢晋导演刘晓庆、姜文主演电影
吉林/6293746	吉林省吉林市
唐山/7529	河北省地级市
太阳照常升起/35637	2007年姜文执导电影
鬼子来了/4845622	2000年姜文导演电影
一步之遥/66613	2014年姜文执导电影
摩羯座/2546779	十二星座之一
费城/18188	美国东部大城市
波士顿/81031	美国马萨诸塞州的首府和最大城市
独立日/1886205	美国节日
芝加哥/9600	美国国际大都市
玫瑰花/275439	植物
乔治·华盛顿/25610	美利坚合众国首位总统
星条旗	星条旗
山姆大叔/88149	代指美国
执法先锋/6326733	1986上映的香港电影
超级英雄/1253	美国漫画里的超级英雄
碧血洗银枪/24196	古龙1976年武侠作品
林世荣/4636797	1979年洪金宝主演电影
陈永奎/6215102	YGM贸易有限公司主席
醉拳/66930	中华拳术
鳄鱼潭/1831188	古邦巴达地名
陈永明/6565202	华东师范大学教授
陈永昌/7224807	学者、经济学家
李兆基/9775315	香港影视编剧、艺人
李家杰/1732	恒基兆业地产集团副主席
张永祥/250746	中共延川县委书记
张永祥/250693	中国台湾影视编剧
红河谷/3070	1996年冯小宁导演的电影
李行/63328	台湾著名电影导演
白银谷/14363	2009年苏舟执导电视剧
孝庄秘史/29979	2003年宁静、马景涛主演电视剧
琼瑶/177	中国当代作家、编剧
西周/510056	中国历史朝代
冲锋车/16689062	2015年刘浩良执导香港电影
许昌/26891	河南省地级市
吐鲁番/36976	新疆地级市
葫芦岛/74499	辽宁省地级市
岭南大学/9215353	香港岭南大学
维多利亚大学/2314795	位于加拿大的维多利亚大学
PTU/1530120	中国2003年杜琪峰导演电影
乐天/8456675	汉语词语
鼠/38430	汉字释义
慈善家/84244	经常参与慈善活动并有突出贡献的人
川岛芳子/8270374	1990年梅艳芳、刘德华主演的香港电影
审死官/6156352	1992年周星驰主演电影
大侠霍元甲/9249635	1981年徐小明监制、徐小明执导的电视剧
敦煌/6143	甘肃酒泉市代管县级市
富贵逼人/3834520	1987年高志森执导香港贺岁电影
河源/36386	广东省辖地级市
似是故人来/3938989	梅艳芳主唱歌曲
亲密爱人/13479260	梅艳芳演唱歌曲
伯克利/1731762	美国加利福尼亚州伯克利市
好莱坞/79274	美国加利福尼亚州洛杉矶市地名
圣迭戈/2906470	美国城市
再向虎山行/1363713	1985年徐小明执导香港电视剧
贱女孩/81218	美国2004年马克·沃特斯导演电影
金门大桥/643	位于美国的世界著名桥梁
似水流年/25280	汉语成语
奥克兰/2628272	美国加利福尼亚州城市
萨克拉门托/5404480	美国城市
女人花/15734	2008年姚晓峰执导冯绍峰主演电视剧
IBM/9190	IT公司-国际商业机器公司
杀破狼/10796861	2005年叶伟信执导电影
难兄难弟/10057246	尹尚孝执导电影
内地/16445843	日本地名术语
黄磊/6617	中国内地男演员、教师
许晴/45203	中国影视演员
王琦/3767557	中国内地女演员
王中军/5812151	华谊兄弟传媒股份有限公司创始人
同袍/12797191	香港系列电影机动部队之一
陈柏霖/618754	中国台湾男演员
少帅/15845151	2014年张黎执导电视剧
气候/384697	自然科学名词
马羚/9423	中国内地影视演员
惊变/4995	1996年邱礼涛执导电影
大事件/8471599	漫画《海贼王》中顶上战争
铁三角/10049998	日本音像公司
女神新装	女神新装
咱们结婚吧/66672	2013年高圆圆、黄海波主演电视剧
高跟鞋先生/14936984	2016陆可执导电影
笑傲江湖/8469396	1996年香港TVB版吕颂贤、梁艺龄主演电视剧
功夫/5607641	2004年周星驰主演电影
黄真真/9585920	香港导演
初恋你好	初恋你好
人偶总动员/19519973	湖南金鹰卡通制作的真人偶综艺秀
原来是美男啊/17639	2009年韩国SBS台水木剧
神魂颠倒/14592475	SNH48演唱歌曲
狼与自尊/16705003	SNH48成员易嘉爱和龚诗淇演唱的歌曲
前任攻略/1931702	2014年田羽生导演的都市爱情喜剧
感情生活/14571	杨竞泽执导电影
功夫瑜伽/15921918	2017年成龙、李治廷主演的电影
煎饼侠/15702188	2015年董成鹏执导电影
绽放/3398306	2008年吴祖云执导电影
绝地逃亡/74422	2016年成龙、范冰冰主演电影
野王/1439427	韩国2013年权相佑主演SBS月火剧
悲伤恋歌/37193	2005年韩国MBC水木剧
可可西里/5482299	中国2004年陆川执导剧情电影
天国的阶梯/3198876	韩国2003年权相佑主演爱情连续剧
命中注定/15705308	2015年汤唯廖凡主演中国电影
将爱情进行到底/5418	1998年张一白导演电视剧
水瓶座/17780254	陶辰宇演唱歌曲
男人帮/10630131	2011年赵宝刚执导大陆电视剧
全民目击/9221354	2013年非行编导电影
人间正道是沧桑/5613571	2008年孙红雷主演电视剧
征服/6615516	2003年高群书执导电视剧
好先生/18262928	2016年孙红雷主演都市情感剧
一代枭雄/554175	2013年孙红雷巍子陈数主演电视剧
上错花轿嫁对郎/31825	2000年张子恩导演作品
三人行/16586869	2015年杜琪峯执导警匪电影
爱，在离别时/3818023	中韩合作黄奕主演电视剧
来不及说我爱你/23368	中国2010年钟汉良李小冉主演电视剧
乐作人生/18903770	《乐作人生》专辑
滑铁卢/1468	滑铁卢战役
公主披风/20103807	SNH48音乐专辑
OREA/3449703	钟汉良音乐专辑
天涯明月刀/2311129	2012年钟汉良领衔主演武侠电视剧
梦想岛/19692669	SNH48 12th音乐专辑
新年这一刻/20281714	SNH48第十四张EP
一触即发/6972348	2012年钟汉良主演国产电视剧
一心向前/14592614	SNH48总选同名专辑
心电感应/14592446	SNH48歌曲专辑
盛夏好声音/17328426	SNH48第八张EP大碟
源动力/19465804	2016年SNH48发行EP
王子杰/70792	久游网创始人
功夫之王/35643	2008年成龙、李连杰主演电影
黑客帝国/9592850	美/澳1999年基努·李维斯主演科幻电影
山楂树之恋/7229347	2010年张艺谋执导电影
特殊使命/78064	2006年李光洁主演的电视剧
走向共和/41033	2003年张黎执导电视连续剧
杜拉拉升职记/9959396	2010年王珞丹主演电视剧
鸡/416172	家禽种类
平顶山/36390	河南省地级市
国际机场/81758	开通有国际（地区
黑侠/1709	1996年李仁港执导香港电影
何以笙箫默/13878975	2015年钟汉良、唐嫣主演电视剧
欧洲/145550	地球七大洲之一
摩西/284757	犹太人的民族领袖，圣经人物
万圣节之夜/18673242	SNH48 EP
圣索非亚大教堂/83348	土耳其伊斯坦布尔圣索菲亚大教堂
民族主义/1438794	意识形态运动
圣安德鲁/11019254	苏格兰守护神
巴勒斯坦/208486	巴勒斯坦国
陈策/6447820	国民革命军海军二级上将
陈文玉/6755255	唐代雷州刺史
张云逸/366152	中国人民解放军高级将领
太平/8820	汉语词语
金宝/5498856	某著名玩家的金毛犬
阿根廷/77652	阿根廷共和国
西班牙语/398390	语言
唐人/77879	外国人对中国人的称呼
南洋/81188	中文地理词语
东方犹太人/1762732	潮汕人
慈善家/9517336	杂志
李泽楷/325054	香港富商李嘉诚之子
言/67056	汉语汉字
客观/3181365	汉语词语
物质/661503	佛教解释
自然/1531	哲学名词，自然浅观
福布斯/301065	商业杂志
李国豪/4616848	李小龙之子
西雅图/473684	美国华盛顿州港口城市
李香凝/3824172	李小龙之女
黑带/3928	跆拳道等级
猛龙过江/304	1972年李小龙自导自演电影
截拳道/30401	李小龙创立的技击理念，实战运用
华盛顿大学/2620874	华盛顿大学-西雅图
青蜂侠/5956	美国1966年李小龙参演电视剧
高尔夫球/32234	体育运动
锦葵/18212	锦葵科草本植物
谋杀似水年华/15976414	2016年Angelababy阮经天主演电影
青梅/5309	龙脑香科、青梅属乔木
喜从天降/15941041	天津卫视明星真人秀
漂亮妈妈/3476553	巩俐主演电影
海派文化/33264	文化名词
汉武大帝/14475	2005年胡玫执导电视剧
茶馆/4959552	2010年陈宝国主演电视剧
心理罪之城市之光/20189174	2017年邓超主演电影
烈日灼心/15386682	犯罪悬疑电影
美人鱼/15285584	2016年周星驰执导3D喜剧电影
皇后大道东/1487145	滚石唱片发行合辑
乘风破浪/19919941	2017年韩寒执导电影
相爱十年/3405371	电视剧
怪侠一枝梅/8701	2010年霍建华、刘诗诗主演武侠剧
狄仁杰之通天帝国/67233	2010年徐克经典导演电影
幕后玩家/19461238	2016年TVB电视剧
硬汉/13881	2008年丁晟执导电影
那山那人那狗/6451640	1998年霍建起执导的电影
拿什么拯救你，我的爱人/6696	海岩小说
相逢何必曾相识/534666	蒋志光和韦绮珊合唱歌曲
人龙传说/4876794	香港古装神话剧
血色浪漫/13876	2004年滕文骥执导电视剧
大太监/22461	2012年黎耀祥主演的香港TVB电视剧
醉打金枝/1465231	1997年欧阳震华、关咏荷主演TVB电视剧
发誓/2803605	钟嘉欣演唱歌曲
其实我不快乐/10201876	钟嘉欣首张粤语专辑
陀枪师姐/36414	1998年关咏荷、欧阳震华主演TVB警察系列剧
公主嫁到/64848	2010年梅小青执导香港TVB出品古装喜剧
皆大欢喜/10057836	2001年薛家燕主演TVB古装电视剧
使徒行者/15873000	2016年文伟鸿执导香港时装警匪电影
十月初五的月光/2705758	2000年TVB电视剧
潜行狙击/30632	2011年谢天华、陈法拉主演TVB电视剧
跟踪/33041	汉语词语
中山/14352	广东省地级市
再战明天/12699251	2014年吴启华主演TVB电视剧
洗冤录/79670	1999年欧阳震华、宣萱主演TVB古装电视剧
刘家豪/9277186	电视监制
卫子夫/418077	西汉时汉武帝第二任皇后
西游记/6786341	1986年杨洁执导央视版电视剧
杨伟东/5280617	大优酷事业群总裁兼阿里音乐CEO
五大道/1093272	天津市内的五条街道
七十年代/917602	北岛、李陀著图书
张世泽/19817823	营口理工学院院长
仙人岛/46330	营口市岛屿
王少峰/101266	北京市西城区委副书记、区长
地理学/661412	学科分类
女帝/6783905	韩国2011年张申英主演电视剧
张新英/4059517	广西师范学院教授
经济地理学/81822	地理学名词
镇/5922313	中国乡级行政区划单位
长城/8562249	2016年张艺谋执导中美合拍魔幻电影
福州路/971489	路名
胡亥/1982606	秦二世
新兴街道/15283848	广东省揭阳市榕城区新兴街道
榕江/24844	广东粤东地区第二大河流
福安/7837984	福建省福安市
阅江楼/74921	南京阅江楼
响水涧/1676087	安徽省芜湖市响水涧
家庭教师HITMAN REBORN!/12018913	日本天野明原作漫画
李建辉/42113	福建省莆田市委副书记、市长
万福寺/70452	福建福清寺庙名
天马山/9982870	上海市天马山
南平/25271	福建省地级市
玉屏街道/6613050	福建省福清市玉屏街道
王安石/127359	北宋政治家、改革家、文学家
汤显祖/463700	中国明代戏曲家、文学家
吉安/36436	江西省省辖市
南昌/227785	江西省省会
鹭岛/1251191	福建省厦门岛的别名
宜春/244547	江西省省辖市
新城/1340863	河北省高碑店市下辖镇
庄稼汉/13467024	福建省厦门市委副书记、市长
凤凰木/38426	豆科植物
作家/24806	汉语词语
曹操/6772	东汉末年魏王、曹魏奠基人
李国英/5689825	安徽省委副书记、省长
天柱山/1770	安徽省安庆市潜山县山地、景区
妈祖/10444550	2012年路奇执导电视剧
合肥南站/5665443	高铁站
黄山松/5286567	松科松属植物
朱元璋/25626	明朝开国皇帝
卢嘉锡/1626356	物理化学家
谢希德/3473786	物理学家、复旦大学校长
陈景润/18067	中国著名数学家
止于至善/3885	汉语词语
社区/904140	综合基础的群众基础机构
你怎么舍得我难过/6012878	黄品源演唱歌曲
月台/871716	建筑样式
明教/6833	宗教
华表山/8143811	辽宁省辽阳市华表山
晋江/24898	福建省泉州市下辖县级市
上方村/50562	福建省泉州晋江市内坑镇下辖村
年/30052	汉字释义
乙酉	乙酉
四书/899715	基本概念
三明/522648	福建省地级市
顺治/301130	年号
陈小奇/11397	中国音乐家协会会员、词曲作家
惠州/1396484	广东省惠州市
临城镇/2988416	江苏省兴化市临城镇
王寿山/1538518	山名
龙湖/13033443	河南省淮阳县所辖湖泊
龙岩/403531	福建省地级市
临江镇/9150	重庆市开州区临江镇
东华山/8721190	江西省黎川县东华山
凌波仙子/3211769	神话传说
机场/74273	搭乘空中交通及供飞机起降的设施
西游记/5723	中国古典长篇小说
关帝庙/9845866	山西省运城市关帝庙
山城镇/5530726	吉林梅河口市山城镇
刘亚楼/1202954	开国上将
平川镇/7940968	福建省武平县平川镇
八仙过海/52066	汉语成语
刘肇/23572	汉和帝
江陵/4726	中国湖北省荆州市地名
刘秀/10578	东汉开国皇帝
刘庄/23570	东汉明帝
北村/46923	福建省文联《福建文学》编辑
爱的世界/22148	1990年由杜琪峰执导的香港电影
猎头/4130777	1982年刘成汉执导电影
陆小凤传奇/5062037	2007年张智霖主演大陆古装剧
萍踪侠影/13902	2004年黄海冰、范冰冰主演电视剧
西楚霸王/5147309	1994年吕良伟、张丰毅主演电影
关山/3593361	香港艺人
做头/1309443	2005年江澄执导电影
蓝小蝶/17506225	电影《新仙鹤神针》中人物
鹿鼎记/9411326	2014年内地版韩栋、张檬主演电视剧
王微/17645	土豆网前CEO，追光动画创始人
东成西就/26041	1993年刘镇伟执导电影
异度空间/70837	2002年罗志良执导电影
娱乐/279534	汉语词语
马驯	马驯
金融/860	专业词语汉语词语
水浒传/348	中国古典长篇小说，四大名著之一
仙剑奇侠传三/5128963	2009年李国立执导电视剧
小时代/6737508	2013年郭敬明执导电影
神雕侠侣/8065048	2006年内地版黄晓明、刘亦菲主演古装电视剧
吉他/185	乐器
我是证人/16785929	杨幂、鹿晗等主演的青春悬疑电影
三生三世十里桃花/16246274	2017年杨幂、赵又廷主演古装电视剧
制作人/2977402	职业名称
王昭君/4424411	2007杨幂主演电视剧
企业家/1243741	指企业所有者
钢琴/240695	键盘乐器
谢谢你的爱1999/9317833	1999年谢霆锋演唱歌曲
因为爱所以爱/8995946	2000年谢霆锋演唱歌曲
非走不可/491210	谢霆锋演唱歌曲
半支烟/8530716	1999年叶锦鸿指导的电影
玉蝴蝶/13021658	谢霆锋歌曲
南京！南京！/3409921	2009年陆川执导电影
最佳男主角/3099375	节目
我们无处安放的青春/15561	2008年陈道明主演电视剧
捉妖记/14077516	2015年白百何、井柏然主演奇幻爆笑巨制电影
假装情侣/2730035	刘奋斗执导的爱情电影
微微一笑很倾城/16692483	2016年Angelababy、井柏然主演电影
三少爷的剑/13783092	2016年尔冬升执导3D武侠电影
盗墓笔记/6729311	2016年李仁港执导动作冒险电影
井柏然/18809517	井柏然同名专辑
等风来/2777953	2013年滕华涛导演的电影
心花路放/13582009	2014年宁浩执导电影
全城热恋/28922	群星主演电影
锋刃/13210349	2014年黄渤主演电视剧
失孤/12005241	2015年刘德华主演电影
无人区/22066	2013年宁浩执导电影
斗牛/10173150	2009年管虎执导电影
杀生/10909007	2012年黄渤主演悬疑喜剧电影
投名状/24850	汉语词语
快乐女声/4320164	中国湖南卫视选秀娱乐节目
大田/2653752	韩国大田广域市
中州/25997	河南的古称
光州/3466513	韩国广域市
木槿花/1778	锦葵科木槿属植物
釜山/475181	韩国南部城市
爱国歌/10493748	朝鲜国歌
安阳/8202	河南省地级市
济州市/7218190	韩国济州岛城市
三星/244153	三星集团
现代/9975466	汽车品牌
大宇/2807620	韩国大宇汽车公司
阿里郎/6637	朝鲜族民歌
金正恩/26	朝鲜最高领导人
喜鹊/528254	鸦科鹊属鸟类
太极虎/6899181	对韩国的一个通俗称呼
开城/84817	朝鲜直辖市
太阳节/7676080	朝鲜太阳节
金达莱/6455	杜鹃花科杜鹃花属植物
朝歌/19952443	欢娱影视出品电视剧
商汤/549626	古代君主
帝辛/1263658	商朝最后一位君主
盘庚/549830	商朝君主
汉拿山/6332024	韩国三大名山之一
嚣/5863287	词义
2012/5484	美国2009年罗兰·艾默里奇执导灾难电影
国家宫/10055489	墨西哥行政机构所在地
瓦伦西亚/35389	西班牙第三大城市
阿兹特克/66611	今日墨西哥一带的古文明
马德里/753	西班牙首都
塞维利亚/84783	西班牙安达鲁西亚自治区首府
萨拉戈萨/84970	西班牙阿拉贡自治区首府
巴塞罗那/36870	西班牙加泰罗尼亚区首府
马拉加/84782	西班牙南部城市
帕尔玛/17492499	帕尔玛市 Palma
绿宝石/33859	绿色硅酸盐矿物
印第安人/254718	美洲土著的统称
瓜达拉哈拉/1393749	墨西哥第二大城市
雄鹰/14812477	孙国庆演唱歌曲
仙人掌/4967	石竹沙漠植物
蒙特雷/2599104	美国城市 Monterey
独家记忆/67769	陈小春音乐专辑
国会山/16380676	塞班岛地名
白宫/24068	美国总统官邸
犯贱/5615485	陈小春演唱歌曲
我爱的人/3725	陈小春演唱歌曲
战无不胜/2883786	陈小春演唱歌曲
算你狠/7617558	陈小春2003年发行专辑
少女的祈祷/3461	波兰巴达捷夫斯卡创作钢琴曲
曾江/14407	香港著名老牌影星
叶璇/191450	中国内地制片人、演员
志明与春娇/10634263	2010年彭浩翔执导电影
树大招风/16174241	2016年中国香港电影
碧血剑/3982907	2000年香港TVB版林家栋主演电视剧
梁小冰/17827	中国香港女演员
刘江/6294	电影表演艺术家
半岛/1697693	地理名词
伊斯坦布尔/5544	土耳其第一大城市
王伟/2766298	香港知名演员
周慧敏/6702	香港女艺人
李丽珍/1340219	中国香港演员
张莉莉/8482702	中国演员
吴启明/77428	香港著名男演员
升龙/16829178	越南古城
罗城/2770094	罗城仫佬族自治县
吴旭东/18541955	演员
王文俊/8714954	浙江大学研究员
李天恩/19260396	香港著名明星经纪人
网站/155722	互联网词汇
冯鑫/17290	暴风集团创始人
家有喜事/81019	1992年高志森执导电影
加油站被袭事件/5915	韩国1999年金相辰执导电影
我的早更女友/13217103	电影
江南区/6325953	韩国首尔江南区
暗杀/13214130	2015年崔东勋执导韩国电影
触不到的恋人/16626	韩国2000年李铉升导演爱情片
韩江/24751	中国东南沿海重要河流
我的野蛮女友/14999	2001年郭在容执导韩国电影
北桥路/19944011	潮州市
环城东路/19967063	潮州市环城东路
乾道/10618500	宋孝宗赵眘年号
玉兰/33695	木兰科木兰属植物
我脑中的橡皮擦/14320	2004年郑雨盛、孙艺珍主演韩国电影
童党/12811759	刘国昌执导电影
苏玉华/10298234	中国香港女演员
李娟/5674	著名散文女作家
清明上河图/5346431	横店影视城清明上河图
李世英/63581	韩国演员
幸运是我/16996918	惠英红、陈家乐主演电影
圆明新园/17330161	浙江横店圆明新园
绝情谷/16436653	《梦想世界2》中七大门派之一
生活秀/8279156	服装品牌
东阳/35358	金华市县级市
四世同堂/5388484	2007年汪俊导演电视剧
康定情歌/34742	四川民歌
女人本色/8875389	2008年梁咏琪主演电影
半生缘/10418431	2003年林心如、谭耀文主演电视剧
苍天有泪/14849	1998年蒋勤勤、庹宗华主演琼瑶电视剧
玉观音/5922216	2003年孙俪、佟大为、何润东主演电视剧
三国/5470006	2010年高希希导演电视剧
楚汉传奇/6180927	2012年陈道明主演的古装电视剧
卧虎藏龙/8560035	2001年邱心志、何润东等主演电视剧
泡沫之夏/28834	2010年徐熙媛、何润东、黄晓明主演电视剧
梁山伯与祝英台/2785131	2007年何润东、董洁主演电视剧
一米阳光/35850	2004年孙俪主演大陆电视剧
张馨予/26128	中国内地女演员
帝释天/2324295	漫画《风云》第二部中反派角色
风云/1871223	马荣成创作武侠漫画
剑宗/4318420	DNF角色
杀破狼/15683	紫微武曲廉贞的一种命格
聂风/6687	漫画《风云》中的人物
第二梦/34596	2012年苍井空主演微电影
风云2/7630928	2009年郭富城、郑伊健主演电影
王利伟/8956401	云南省巍山县委副书记、县人民政府县长
步惊云/2582619	漫画《风云》中人物
玉女心经/813310	1996年钱文锜执导电影
女侠/1724314	具有侠义品质和很靠谱的女人
程英/4798	金庸武侠小说《神雕侠侣》中的人物
襄阳之战/77984	宋元之间的战役
陆家庄/14312353	陆家庄
信风/4499946	地理现象
明教/10769044	金庸小说门派
汪黎明/82412	山东省农业科学院玉米研究所所长
彭德成/16022950	国家旅游局规划财务司司长
方言/6039	汉语词语
南北朝/6417	中国历史时期
慧可/78943	汉传佛教禅宗二祖
丐帮/891135	武侠小说门派
降龙十八掌/135875	盖世绝学
九阳神功/1782	金庸小说中的武功
陈琪/3898903	香港演员
剑/1378	兵器
圣火令/6586802	金庸小说《倚天屠龙记》兵器武功
乾坤大挪移/5069911	武侠小说中武功名称
甲寅/4164180	天干地支
太极拳/84009	中国武术中的拳法
杜拉拉升职记/9959406	2010年徐静蕾主演电影
虎	虎
一个陌生女人的来信/6455800	中国2005年徐静蕾自导自演剧情片
全真教/145047	宗教
全真教/19173638	武侠小说中的门派
倚天剑/1812	宝剑名称
屠龙刀/7844301	金庸武侠小说中的宝刀
中医学/1020433	医学科学
男儿本色/13500	谢霆锋主演电影
简单爱/3056578	周杰伦创作歌曲
七里香/12009481	周杰伦演唱歌曲
青蜂侠/7618833	2011年好莱坞3D电影
龙卷风/2178400	周杰伦创作歌曲
稻香/11539	2008年周杰伦演唱歌曲
男才女貌/9960480	2003年蒋家骏执导都市爱情电视剧
夜曲/3886391	周杰伦2005年歌曲
逆战/9261017	2011年周杰伦、谢霆锋主演动作电影
青花瓷/9864403	2007年周杰伦方文山创作歌曲
龙虎门/9969958	黄玉郎创作武侠漫画
剑法/16264516	飞翔的大鸟鸟创作玄幻小说
不能说的秘密/39267	周杰伦自编自导电影
掌门人/35247	汉语词语
水仙/3286090	凤飞飞演唱歌曲
海棠/546	蔷薇科植物
峨眉派/3550099	源自先秦华夏的本土流派
神雕/8549869	武侠小说《神雕侠侣》中的神兽
独孤求败/24317	金庸武侠小说人物
钱塘/1183592	地名
仁和/15199555	中国县名
盐官/16800335	浙江省海宁市盐官镇的简称
公元/17855	纪年体系
